Id,Category
0,Barbra Streisand
1,Barbra Streisand
2,Al Pacino
3,Annette Bening
4,Benjamin Bratt
5,Andy Samberg
6,Andreea Diaconu
7,Bill Rancic
8,Anjelica Huston
9,Amy Adams
10,Anna Faris
11,Anthony Perkins
12,Anthony Perkins
13,Anjelica Huston
14,Benjamin Bratt
15,Berenice Bejo
16,Alessandra Ambrosio
17,Andrew Luck
18,Anna Faris
19,Annette Bening
20,Ashley Graham
21,Ashley Greene
22,Andrew Lincoln
23,Anna Faris
24,Ashley Greene
25,Alec Baldwin
26,Andy Samberg
27,Aaron Judge
28,Andrew Lincoln
29,Aaron Judge
30,Alec Baldwin
31,Anjelica Huston
32,Amy Adams
33,Al Pacino
34,Barbra Streisand
35,Andreea Diaconu
36,Anthony Perkins
37,Adriana Barraza
38,Betty White
39,Alessandra Ambrosio
40,Annette Bening
41,Barbra Streisand
42,Alan Alda
43,Annette Bening
44,Alec Baldwin
45,Amy Adams
46,Barbra Streisand
47,Andrew Luck
48,Anthony Perkins
49,Amy Adams
50,Ben Affleck
51,Anjelica Huston
52,Anna Faris
53,Andrew Lincoln
54,Anna Faris
55,Alice Eve
56,Barbra Streisand
57,Andrew Lincoln
58,Bill O Reilly
59,Alec Baldwin
60,Bill Daley
61,Anna Faris
62,Anjelica Huston
63,Alec Baldwin
64,Andrew Lincoln
65,Andrew Luck
66,Andreea Diaconu
67,Aaron Judge
68,Anna Sui
69,Andrew Lincoln
70,Andrew Luck
71,Aaron Taylor-Johnson
72,Annette Bening
73,Amy Adams
74,Aaron Judge
75,Annette Bening
76,Annette Bening
77,Alessandra Ambrosio
78,Bill Daley
79,Amy Adams
80,Al Pacino
81,Andreea Diaconu
82,Anna Faris
83,Barbra Streisand
84,Andrew Luck
85,Anjelica Huston
86,Berenice Bejo
87,Ashley Graham
88,Anthony Hopkins
89,Bernie Mac
90,Bill Rancic
91,Alec Baldwin
92,Amanda Seyfried
93,Andrew Lincoln
94,Alicia Vikander
95,Al Pacino
96,Ashley Greene
97,Andrew Lincoln
98,Andrew Lincoln
99,Alice Eve
100,Barbra Streisand
101,Aaron Judge
102,Anjelica Huston
103,Anna Faris
104,Barbra Streisand
105,Andrew Luck
106,Annette Bening
107,Bill Daley
108,Barbra Streisand
109,Al Pacino
110,Adele
111,Alec Baldwin
112,Bernie Mac
113,Aaron Judge
114,Anthony Hopkins
115,Anthony Perkins
116,Barbra Streisand
117,Andrew Luck
118,Adrianne Palicki
119,Alexander Skarsgard
120,Ashley Graham
121,Anjelica Huston
122,Andrew Lincoln
123,Bill Daley
124,Bill Daley
125,Ashley Graham
126,Andrew Luck
127,Alice Eve
128,Berenice Bejo
129,Andrew Lincoln
130,Barbra Streisand
131,Berenice Bejo
132,Barbra Streisand
133,Andrew Luck
134,Anthony Perkins
135,Annette Bening
136,Ashley Greene
137,Bill Daley
138,Barbra Streisand
139,Anjelica Huston
140,Barbra Streisand
141,Anjelica Huston
142,Annette Bening
143,Barbra Streisand
144,Alec Baldwin
145,Barbra Streisand
146,Billy Bob Thornton
147,Ashley Greene
148,Andrew Luck
149,Andrew Lincoln
150,Bill Daley
151,Andrew Luck
152,Billy Bob Thornton
153,Andrew Lincoln
154,Bill Daley
155,Andrew Luck
156,Andy Samberg
157,Betty White
158,Benicio Del Toro
159,Barbra Streisand
160,Alice Eve
161,Ben Affleck
162,Anna Faris
163,Anna Faris
164,Andrew Luck
165,Andrew Lincoln
166,Anna Faris
167,Andrew Luck
168,Bill Daley
169,Ashley Graham
170,Anna Faris
171,Annette Bening
172,Alicia Vikander
173,Andrew Lincoln
174,Ashley Graham
175,Bill Daley
176,Anna Faris
177,Amanda Seyfried
178,Barbra Streisand
179,Barbra Streisand
180,Andrew Lincoln
181,Ashley Greene
182,Andrew Lincoln
183,Aaron Judge
184,Alexandra Daddario
185,Andrew Luck
186,Anthony Hopkins
187,Bill Daley
188,Al Pacino
189,Annette Bening
190,Berenice Bejo
191,Anna Faris
192,Anjelica Huston
193,Anjelica Huston
194,Barbra Streisand
195,Alexis Thorpe
196,Barbra Streisand
197,Alec Baldwin
198,Bill Daley
199,Ben Affleck
200,Ashley Greene
201,Andrew Lincoln
202,Andrew Luck
203,Annette Bening
204,Bill Daley
205,Aaron Judge
206,Bill Rancic
207,Annette Bening
208,Betty White
209,Bill Rancic
210,Bernie Mac
211,Annette Bening
212,Bill Rancic
213,Anna Faris
214,Bill Daley
215,Andrew Luck
216,Bill Daley
217,Anna Faris
218,Alexander Skarsgard
219,Bill Daley
220,Anna Faris
221,Amy Adams
222,Ben Affleck
223,Bill Rancic
224,Andrew Lincoln
225,Annette Bening
226,Annette Bening
227,Barbra Streisand
228,Anjelica Huston
229,Alice Eve
230,Bill Daley
231,Anna Faris
232,Anna Faris
233,Bernie Mac
234,Annette Bening
235,Aaron Judge
236,Adrianne Palicki
237,Bill Daley
238,Aaron Judge
239,Andrew Lincoln
240,Andrew Lincoln
241,Bill Daley
242,Bill Daley
243,Andrew Luck
244,Ben Kingsley
245,Alexandra Daddario
246,Andrew Lincoln
247,Aaron Taylor-Johnson
248,Andrew Luck
249,Benicio Del Toro
250,Annette Bening
251,Andrew Lincoln
252,Andrew Luck
253,Bill Rancic
254,Barbra Streisand
255,Aaron Judge
256,Andy Samberg
257,Ashley Graham
258,Andrew Lincoln
259,Amy Adams
260,Alexandra Daddario
261,Ashley Graham
262,Bill Rancic
263,Anjelica Huston
264,Barbra Streisand
265,Anna Faris
266,Bill Rancic
267,Bill O Reilly
268,Amy Adams
269,Billy Bob Thornton
270,Annette Bening
271,Annette Bening
272,Bernie Mac
273,Annette Bening
274,Alice Eve
275,Benicio Del Toro
276,Anthony Perkins
277,Bernie Mac
278,Alice Eve
279,Annette Bening
280,Ashley Graham
281,Ashley Graham
282,Andrew Luck
283,Andrew Lincoln
284,Adele
285,Anthony Hopkins
286,Andrew Luck
287,Ben Affleck
288,Annette Bening
289,Ben Affleck
290,Alexander Skarsgard
291,Alec Baldwin
292,Anjelica Huston
293,Bill O Reilly
294,Anna Faris
295,Andy Samberg
296,Anna Faris
297,Aaron Judge
298,Ben Affleck
299,Andrew Lincoln
300,Betty White
301,Alec Baldwin
302,Amanda Seyfried
303,Anthony Perkins
304,Amy Adams
305,Annette Bening
306,Annette Bening
307,Alec Baldwin
308,Anna Faris
309,Ashley Greene
310,Aaron Judge
311,Andrew Lincoln
312,Aaron Taylor-Johnson
313,Aaron Taylor-Johnson
314,Ben Affleck
315,Anna Sui
316,Bill Rancic
317,Bernie Mac
318,Alice Eve
319,Aaron Taylor-Johnson
320,Anna Sui
321,Alicia Vikander
322,Al Pacino
323,Alec Baldwin
324,Annette Bening
325,Andrew Lincoln
326,Alec Baldwin
327,Andy Samberg
328,Andrew Luck
329,Bernie Mac
330,Andreea Diaconu
331,Barbra Streisand
332,Aaron Judge
333,Andrew Lincoln
334,Barbra Streisand
335,Anthony Perkins
336,Adrianne Palicki
337,Bill Daley
338,Adrianne Palicki
339,Alexander Skarsgard
340,Andrew Lincoln
341,Anna Faris
342,Aaron Taylor-Johnson
343,Bill O Reilly
344,Alec Baldwin
345,Annette Bening
346,Alice Eve
347,Andrew Lincoln
348,Bill Daley
349,Benjamin Bratt
350,Anna Faris
351,Andrew Lincoln
352,Barbra Streisand
353,Andrew Lincoln
354,Benjamin Bratt
355,Anthony Perkins
356,Berenice Bejo
357,Berenice Bejo
358,Anthony Perkins
359,Amy Adams
360,Alice Eve
361,Annette Bening
362,Bill Daley
363,Amy Adams
364,Barbra Streisand
365,Andrew Luck
366,Annette Bening
367,Bill Rancic
368,Annette Bening
369,Ben Affleck
370,Berenice Bejo
371,Anthony Perkins
372,Bill Daley
373,Andrew Lincoln
374,Bill Daley
375,Bill Daley
376,Anna Faris
377,Ashley Graham
378,Al Pacino
379,Andrew Lincoln
380,Adrianne Palicki
381,Ashley Graham
382,Andrew Luck
383,Barbra Streisand
384,Aaron Taylor-Johnson
385,Bill Daley
386,Aaron Taylor-Johnson
387,Bill Daley
388,Bernie Mac
389,Anna Faris
390,Bill Daley
391,Alice Eve
392,Andrew Luck
393,Andrew Lincoln
394,Bill Daley
395,Ben Affleck
396,Alec Baldwin
397,Andrew Lincoln
398,Alec Baldwin
399,Bill Rancic
400,Bernie Mac
401,Ashley Greene
402,Andrew Lincoln
403,Bill Daley
404,Bill Daley
405,Anthony Perkins
406,Alexis Thorpe
407,Aaron Judge
408,Bill Rancic
409,Andreea Diaconu
410,Anjelica Huston
411,Amy Adams
412,Aaron Taylor-Johnson
413,Ben Affleck
414,Aaron Judge
415,Adele
416,Bill Daley
417,Andrew Lincoln
418,Andy Samberg
419,Anthony Hopkins
420,Andrew Lincoln
421,Andrew Luck
422,Al Pacino
423,Andrew Lincoln
424,Andy Samberg
425,Anjelica Huston
426,Andy Samberg
427,Al Pacino
428,Alessandra Ambrosio
429,Anna Faris
430,Bernie Mac
431,Anthony Hopkins
432,Aaron Judge
433,Andrew Lincoln
434,Adriana Barraza
435,Andrew Lincoln
436,Bernie Mac
437,Alexander Skarsgard
438,Bill Daley
439,Alec Baldwin
440,Anna Faris
441,Alice Eve
442,Alexandra Daddario
443,Alice Eve
444,Aaron Taylor-Johnson
445,Benjamin Bratt
446,Bill Daley
447,Anjelica Huston
448,Annette Bening
449,Alice Eve
450,Anjelica Huston
451,Bill Daley
452,Andrew Lincoln
453,Alicia Vikander
454,Anjelica Huston
455,Alexander Skarsgard
456,Bill Rancic
457,Andrew Lincoln
458,Andrew Luck
459,Al Pacino
460,Anna Faris
461,Anjelica Huston
462,Andrew Luck
463,Antonio Banderas
464,Alexis Thorpe
465,Ashley Graham
466,Annette Bening
467,Bill Rancic
468,Anna Faris
469,Ben Affleck
470,Antonio Banderas
471,Barbra Streisand
472,Andrew Lincoln
473,Barbra Streisand
474,Annette Bening
475,Bill Rancic
476,Annette Bening
477,Alan Alda
478,Alec Baldwin
479,Bill O Reilly
480,Andrew Lincoln
481,Al Pacino
482,Andrew Lincoln
483,Andrew Lincoln
484,Anna Faris
485,Anna Faris
486,Bill O Reilly
487,Annette Bening
488,Anjelica Huston
489,Alec Baldwin
490,Berenice Bejo
491,Alice Eve
492,Bill Daley
493,Bill Daley
494,Ben Affleck
495,Alice Eve
496,Al Pacino
497,Bill Daley
498,Annette Bening
499,Anna Faris
500,Alec Baldwin
501,Ben Kingsley
502,Alan Alda
503,Andrew Lincoln
504,Barbra Streisand
505,Bill Daley
506,Anthony Perkins
507,Amy Adams
508,Alec Baldwin
509,Anthony Perkins
510,Andy Samberg
511,Andrew Lincoln
512,Andrew Luck
513,Anjelica Huston
514,Anjelica Huston
515,Bernie Mac
516,Alessandra Ambrosio
517,Barbra Streisand
518,Aaron Judge
519,Bill Daley
520,Ashley Graham
521,Alice Eve
522,Anthony Hopkins
523,Anthony Perkins
524,Bill O Reilly
525,Bill Daley
526,Audrey Hepburn
527,Bill Daley
528,Bill O Reilly
529,Alec Baldwin
530,Alec Baldwin
531,Anjelica Huston
532,Anna Faris
533,Bernie Mac
534,Bill O Reilly
535,Anthony Perkins
536,Berenice Bejo
537,Barbra Streisand
538,Andrew Lincoln
539,Bernie Mac
540,Bill Rancic
541,Ashley Greene
542,Andy Samberg
543,Bill Rancic
544,Bill O Reilly
545,Billy Bob Thornton
546,Alicia Vikander
547,Bill Rancic
548,Andrew Lincoln
549,Alec Baldwin
550,Bill Rancic
551,Adrianne Palicki
552,Billy Bob Thornton
553,Al Pacino
554,Anthony Perkins
555,Ashley Greene
556,Andrew Luck
557,Alexander Skarsgard
558,Anthony Perkins
559,Annette Bening
560,Barbra Streisand
561,Billy Bob Thornton
562,Anthony Hopkins
563,Akemi Darenogare
564,Aaron Judge
565,Aaron Judge
566,Andrew Luck
567,Andrew Lincoln
568,Andy Samberg
569,Al Pacino
570,Ben Affleck
571,Bill Daley
572,Anjelica Huston
573,Berenice Bejo
574,Ashley Graham
575,Benjamin Bratt
576,Annette Bening
577,Andrew Lincoln
578,Bill O Reilly
579,Alicia Vikander
580,Betty White
581,Andy Samberg
582,Andie MacDowell
583,Anjelica Huston
584,Annette Bening
585,Andrew Luck
586,Bill Daley
587,Alice Eve
588,Alan Alda
589,Billy Bob Thornton
590,Bill Daley
591,Alessandra Ambrosio
592,Aaron Judge
593,Ben Affleck
594,Anthony Perkins
595,Bill Rancic
596,Bill Daley
597,Anna Faris
598,Bill Daley
599,Amanda Seyfried
600,Andrew Lincoln
601,Bill Daley
602,Annette Bening
603,Andy Samberg
604,Barbra Streisand
605,Betty White
606,Alice Eve
607,Aaron Judge
608,Amanda Seyfried
609,Billy Bob Thornton
610,Bill Daley
611,Amy Adams
612,Al Pacino
613,Annette Bening
614,Anthony Perkins
615,Anna Faris
616,Annette Bening
617,Ben Affleck
618,Betty White
619,Bill Daley
620,Alec Baldwin
621,Alessandra Ambrosio
622,Bill Daley
623,Bill Rancic
624,Alec Baldwin
625,Anna Faris
626,Andrew Lincoln
627,Bill Daley
628,Andrew Lincoln
629,Andrew Luck
630,Annette Bening
631,Andrew Lincoln
632,Billy Bob Thornton
633,Andrew Luck
634,Bill Rancic
635,Adele
636,Andy Samberg
637,Anjelica Huston
638,Ashley Greene
639,Alec Baldwin
640,Al Pacino
641,Barbra Streisand
642,Anthony Perkins
643,Andy Samberg
644,Barbra Streisand
645,Andrew Lincoln
646,Ashley Greene
647,Bernie Mac
648,Alice Eve
649,Bill Daley
650,Barbra Streisand
651,Alec Baldwin
652,Alice Eve
653,Adele
654,Amy Adams
655,Alexander Skarsgard
656,Billy Bob Thornton
657,Anthony Perkins
658,Aaron Judge
659,Akemi Darenogare
660,Amanda Seyfried
661,Anjelica Huston
662,Barbra Streisand
663,Anjelica Huston
664,Anjelica Huston
665,Andrew Lincoln
666,Bill Daley
667,Aaron Taylor-Johnson
668,Andrew Lincoln
669,Andrew Luck
670,Bill Daley
671,Barbra Streisand
672,Anjelica Huston
673,Alice Eve
674,Andy Samberg
675,Annette Bening
676,Anthony Hopkins
677,Barbra Streisand
678,Benedict Cumberbatch
679,Anna Faris
680,Anna Faris
681,Anna Faris
682,Alice Eve
683,Barbra Streisand
684,Anna Faris
685,Anthony Perkins
686,Bill O Reilly
687,Anjelica Huston
688,Barbra Streisand
689,Ashley Graham
690,Anna Faris
691,Andrew Lincoln
692,Anthony Hopkins
693,Andrew Lincoln
694,Andy Samberg
695,Anna Faris
696,Annette Bening
697,Anthony Perkins
698,Aaron Judge
699,Amanda Seyfried
700,Barbra Streisand
701,Amanda Seyfried
702,Berenice Bejo
703,Annette Bening
704,Andy Samberg
705,Anjelica Huston
706,Bill Daley
707,Bill Daley
708,Andrew Lincoln
709,Anthony Perkins
710,Andrew Lincoln
711,Andie MacDowell
712,Bill Daley
713,Annette Bening
714,Bill Daley
715,Aaron Judge
716,Annette Bening
717,Adrianne Palicki
718,Anthony Hopkins
719,Andrew Lincoln
720,Anthony Perkins
721,Aaron Taylor-Johnson
722,Bernie Mac
723,Anna Faris
724,Andrew Lincoln
725,Billy Bob Thornton
726,Andrew Luck
727,Barbra Streisand
728,Adele
729,Benicio Del Toro
730,Ben Affleck
731,Bernie Mac
732,Akemi Darenogare
733,Ben Affleck
734,Berenice Bejo
735,Billy Bob Thornton
736,Anna Faris
737,Andrew Lincoln
738,Bill Rancic
739,Ben Affleck
740,Bill Daley
741,Bernie Mac
742,Bill Daley
743,Alice Eve
744,Alicia Vikander
745,Andrew Luck
746,Annette Bening
747,Barbra Streisand
748,Bill Rancic
749,Anna Faris
750,Anjelica Huston
751,Ashley Greene
752,Andrew Lincoln
753,Annette Bening
754,Andrew Luck
755,Berenice Bejo
756,Bernie Mac
757,Billy Bob Thornton
758,Ben Affleck
759,Aaron Taylor-Johnson
760,Annette Bening
761,Andrew Lincoln
762,Aaron Judge
763,Barbra Streisand
764,Barbra Streisand
765,Anthony Perkins
766,Anjelica Huston
767,Andrew Lincoln
768,Bill Rancic
769,Benjamin Bratt
770,Anna Faris
771,Ashley Greene
772,Barbra Streisand
773,Anjelica Huston
774,Barbra Streisand
775,Bill Daley
776,Bill Daley
777,Annette Bening
778,Bill Daley
779,Berenice Bejo
780,Andreea Diaconu
781,Alec Baldwin
782,Anjelica Huston
783,Anthony Perkins
784,Anjelica Huston
785,Annette Bening
786,Anna Faris
787,Anna Faris
788,Anna Faris
789,Amy Adams
790,Andrew Lincoln
791,Bill Daley
792,Audrey Hepburn
793,Andie MacDowell
794,Andrew Lincoln
795,Bernie Mac
796,Anna Faris
797,Ben Affleck
798,Betty White
799,Anthony Hopkins
800,Ashley Greene
801,Anjelica Huston
802,Barbra Streisand
803,Aaron Judge
804,Anna Faris
805,Barbra Streisand
806,Bill Rancic
807,Andrew Lincoln
808,Ashley Greene
809,Annette Bening
810,Alice Eve
811,Anjelica Huston
812,Ben Affleck
813,Amy Adams
814,Annette Bening
815,Al Pacino
816,Bernie Mac
817,Barbra Streisand
818,Anthony Hopkins
819,Anna Faris
820,Adrianne Palicki
821,Bill Rancic
822,Anjelica Huston
823,Andrew Luck
824,Alexander Skarsgard
825,Andrew Luck
826,Audrey Hepburn
827,Annette Bening
828,Barbra Streisand
829,Bernie Mac
830,Alice Eve
831,Alice Eve
832,Bernie Mac
833,Bill Daley
834,Bill Rancic
835,Anthony Perkins
836,Ben Affleck
837,Anna Faris
838,Betty White
839,Benjamin Bratt
840,Betty White
841,Alice Eve
842,Alec Baldwin
843,Anjelica Huston
844,Andrew Lincoln
845,Amy Adams
846,Aaron Judge
847,Barbra Streisand
848,Andrew Lincoln
849,Andrew Lincoln
850,Benicio Del Toro
851,Aaron Judge
852,Alice Eve
853,Ben Affleck
854,Aaron Taylor-Johnson
855,Annette Bening
856,Anjelica Huston
857,Barbra Streisand
858,Andrew Lincoln
859,Bill O Reilly
860,Ben Affleck
861,Andy Samberg
862,Andrew Lincoln
863,Aaron Judge
864,Amy Adams
865,Billy Bob Thornton
866,Andrew Lincoln
867,Andrew Lincoln
868,Alec Baldwin
869,Bill Daley
870,Barbra Streisand
871,Ben Affleck
872,Alec Baldwin
873,Barbra Streisand
874,Andrew Lincoln
875,Anthony Perkins
876,Aaron Judge
877,Andrew Lincoln
878,Anna Faris
879,Ben Affleck
880,Anjelica Huston
881,Barbra Streisand
882,Andrew Lincoln
883,Bill Daley
884,Anna Faris
885,Ashley Greene
886,Bill Rancic
887,Annette Bening
888,Ben Affleck
889,Ben Affleck
890,Alessandra Ambrosio
891,Andreea Diaconu
892,Bill Daley
893,Anthony Hopkins
894,Berenice Bejo
895,Betty White
896,Alice Eve
897,Bill Rancic
898,Anjelica Huston
899,Ashley Graham
900,Barbra Streisand
901,Barbra Streisand
902,Bill Rancic
903,Aaron Judge
904,Andrew Lincoln
905,Bill Rancic
906,Adrianne Palicki
907,Anjelica Huston
908,Ben Affleck
909,Andrew Luck
910,Alec Baldwin
911,Andy Samberg
912,Annette Bening
913,Akemi Darenogare
914,Anjelica Huston
915,Adele
916,Andrew Lincoln
917,Anjelica Huston
918,Bill O Reilly
919,Amy Adams
920,Benicio Del Toro
921,Anna Faris
922,Anjelica Huston
923,Andrew Lincoln
924,Bill Daley
925,Alice Eve
926,Anjelica Huston
927,Bill Daley
928,Alice Eve
929,Anthony Hopkins
930,Bernie Mac
931,Anna Faris
932,Alice Eve
933,Aaron Judge
934,Berenice Bejo
935,Andie MacDowell
936,Bill Rancic
937,Alec Baldwin
938,Anthony Perkins
939,Anthony Hopkins
940,Ashley Greene
941,Betty White
942,Bill Rancic
943,Andrew Lincoln
944,Bill O Reilly
945,Andrew Lincoln
946,Alexis Thorpe
947,Bill O Reilly
948,Adriana Barraza
949,Anjelica Huston
950,Bill Daley
951,Alexandra Daddario
952,Aaron Judge
953,Al Pacino
954,Andrew Lincoln
955,Anthony Perkins
956,Bill Rancic
957,Bill Rancic
958,Alice Eve
959,Alexander Skarsgard
960,Annette Bening
961,Andrew Lincoln
962,Alice Eve
963,Bill Daley
964,Anna Faris
965,Annette Bening
966,Amanda Seyfried
967,Andy Samberg
968,Andrew Luck
969,Alice Eve
970,Alec Baldwin
971,Andrew Lincoln
972,Amy Adams
973,Annette Bening
974,Anjelica Huston
975,Anna Faris
976,Annette Bening
977,Annette Bening
978,Ashley Greene
979,Ashley Graham
980,Anthony Hopkins
981,Andrew Luck
982,Andrew Luck
983,Barbra Streisand
984,Andrew Lincoln
985,Adrianne Palicki
986,Al Pacino
987,Bill Daley
988,Amy Adams
989,Andrew Lincoln
990,Barabara Palvin
991,Bill Daley
992,Anjelica Huston
993,Alice Eve
994,Bill Daley
995,Anna Faris
996,Anna Faris
997,Aaron Taylor-Johnson
998,Andrew Lincoln
999,Annette Bening
1000,Alicia Vikander
1001,Benjamin Bratt
1002,Annette Bening
1003,Benjamin Bratt
1004,Annette Bening
1005,Anthony Perkins
1006,Amanda Seyfried
1007,Anna Faris
1008,Andy Samberg
1009,Bill Rancic
1010,Alan Alda
1011,Amy Adams
1012,Adrianne Palicki
1013,Alec Baldwin
1014,Berenice Bejo
1015,Annette Bening
1016,Aaron Taylor-Johnson
1017,Bill Rancic
1018,Bill O Reilly
1019,Alec Baldwin
1020,Amy Adams
1021,Benicio Del Toro
1022,Alec Baldwin
1023,Bernie Mac
1024,Billy Bob Thornton
1025,Annette Bening
1026,Andrew Luck
1027,Al Pacino
1028,Betty White
1029,Andrew Lincoln
1030,Alice Eve
1031,Ashley Greene
1032,Berenice Bejo
1033,Andrew Lincoln
1034,Andy Samberg
1035,Berenice Bejo
1036,Anjelica Huston
1037,Bernie Mac
1038,Ashley Greene
1039,Anjelica Huston
1040,Andrew Lincoln
1041,Adele
1042,Bill Daley
1043,Andie MacDowell
1044,Andrew Luck
1045,Anjelica Huston
1046,Andrew Lincoln
1047,Berenice Bejo
1048,Anjelica Huston
1049,Amy Adams
1050,Berenice Bejo
1051,Adele
1052,Anjelica Huston
1053,Bill Rancic
1054,Andrew Lincoln
1055,Bernie Mac
1056,Anthony Perkins
1057,Andy Samberg
1058,Aaron Judge
1059,Anna Faris
1060,Andrew Lincoln
1061,Betty White
1062,Andrew Luck
1063,Benjamin Bratt
1064,Anna Faris
1065,Annette Bening
1066,Benicio Del Toro
1067,Anna Faris
1068,Bill Daley
1069,Annette Bening
1070,Andrew Lincoln
1071,Ashley Greene
1072,Andrew Lincoln
1073,Andrew Lincoln
1074,Aaron Taylor-Johnson
1075,Anna Faris
1076,Alexandra Daddario
1077,Annette Bening
1078,Billy Bob Thornton
1079,Annette Bening
1080,Alexandra Daddario
1081,Anjelica Huston
1082,Al Roker
1083,Andy Samberg
1084,Anjelica Huston
1085,Annette Bening
1086,Amanda Seyfried
1087,Andrew Lincoln
1088,Amy Adams
1089,Adriana Barraza
1090,Aaron Judge
1091,Bill Daley
1092,Barbra Streisand
1093,Aaron Judge
1094,Annette Bening
1095,Anthony Perkins
1096,Ben Affleck
1097,Andrew Lincoln
1098,Andrew Lincoln
1099,Alec Baldwin
1100,Amy Adams
1101,Betty White
1102,Ben Affleck
1103,Anthony Perkins
1104,Bill Daley
1105,Anna Faris
1106,Bernie Mac
1107,Anthony Perkins
1108,Barbra Streisand
1109,Aaron Taylor-Johnson
1110,Akemi Darenogare
1111,Anthony Hopkins
1112,Ashley Greene
1113,Bill Rancic
1114,Anthony Perkins
1115,Andrew Luck
1116,Anjelica Huston
1117,Andrew Lincoln
1118,Bernie Mac
1119,Alicia Vikander
1120,Annette Bening
1121,Annette Bening
1122,Barbra Streisand
1123,Alice Eve
1124,Andrew Lincoln
1125,Bill Rancic
1126,Anjelica Huston
1127,Bill Rancic
1128,Bill Daley
1129,Billy Bob Thornton
1130,Aaron Judge
1131,Bill Daley
1132,Alec Baldwin
1133,Alexandra Daddario
1134,Anjelica Huston
1135,Bill Rancic
1136,Billy Bob Thornton
1137,Anthony Perkins
1138,Andrew Lincoln
1139,Andrew Luck
1140,Barbra Streisand
1141,Andrew Lincoln
1142,Andy Samberg
1143,Annette Bening
1144,Billy Bob Thornton
1145,Anjelica Huston
1146,Ashley Greene
1147,Alexandra Daddario
1148,Andrew Luck
1149,Bill Daley
1150,Bill Daley
1151,Andrew Lincoln
1152,Alice Eve
1153,Audrey Hepburn
1154,Aaron Judge
1155,Bill O Reilly
1156,Andy Samberg
1157,Aaron Judge
1158,Aaron Judge
1159,Bernie Mac
1160,Alec Baldwin
1161,Anjelica Huston
1162,Bernie Mac
1163,Andy Samberg
1164,Ben Affleck
1165,Adriana Barraza
1166,Adriana Barraza
1167,Amy Adams
1168,Ben Affleck
1169,Ashley Greene
1170,Bill Daley
1171,Bill O Reilly
1172,Alessandra Ambrosio
1173,Anna Faris
1174,Andy Samberg
1175,Annette Bening
1176,Annette Bening
1177,Billy Bob Thornton
1178,Betty White
1179,Annette Bening
1180,Andreea Diaconu
1181,Bill O Reilly
1182,Bill Daley
1183,Anthony Hopkins
1184,Anjelica Huston
1185,Alec Baldwin
1186,Bill Daley
1187,Aaron Judge
1188,Ashley Greene
1189,Anjelica Huston
1190,Alicia Vikander
1191,Billy Bob Thornton
1192,Billy Bob Thornton
1193,Andy Samberg
1194,Aaron Taylor-Johnson
1195,Betty White
1196,Adrianne Palicki
1197,Ashley Graham
1198,Anna Sui
1199,Billy Bob Thornton
1200,Al Roker
1201,Anna Faris
1202,Bill Daley
1203,Andreea Diaconu
1204,Barbra Streisand
1205,Ben Affleck
1206,Alexandra Daddario
1207,Alexander Skarsgard
1208,Bill Daley
1209,Annette Bening
1210,Bernie Mac
1211,Aaron Judge
1212,Andrew Lincoln
1213,Ben Affleck
1214,Anjelica Huston
1215,Ashley Graham
1216,Bill O Reilly
1217,Anna Faris
1218,Anjelica Huston
1219,Alice Eve
1220,Alessandra Ambrosio
1221,Andrew Lincoln
1222,Alec Baldwin
1223,Amy Adams
1224,Bernie Mac
1225,Amanda Seyfried
1226,Aaron Taylor-Johnson
1227,Barbra Streisand
1228,Anthony Perkins
1229,Aaron Taylor-Johnson
1230,Andrew Luck
1231,Anna Sui
1232,Barbra Streisand
1233,Barbra Streisand
1234,Ashley Graham
1235,Bill Rancic
1236,Anna Faris
1237,Berenice Bejo
1238,Andrew Lincoln
1239,Andie MacDowell
1240,Bill O Reilly
1241,Annette Bening
1242,Anjelica Huston
1243,Aaron Taylor-Johnson
1244,Bill Daley
1245,Ben Affleck
1246,Barbra Streisand
1247,Bill Daley
1248,Anjelica Huston
1249,Bill Rancic
1250,Aaron Judge
1251,Anjelica Huston
1252,Barbra Streisand
1253,Andy Samberg
1254,Ashley Greene
1255,Anthony Perkins
1256,Aaron Judge
1257,Annette Bening
1258,Andy Samberg
1259,Anjelica Huston
1260,Bernie Mac
1261,Bill Daley
1262,Anthony Hopkins
1263,Bill Daley
1264,Bernie Mac
1265,Ben Affleck
1266,Ashley Graham
1267,Anthony Perkins
1268,Anjelica Huston
1269,Betty White
1270,Alice Eve
1271,Andrew Lincoln
1272,Andrew Lincoln
1273,Alessandra Ambrosio
1274,Bill Rancic
1275,Barbra Streisand
1276,Anna Faris
1277,Alec Baldwin
1278,Anna Sui
1279,Aaron Judge
1280,Andrew Lincoln
1281,Anjelica Huston
1282,Adrianne Palicki
1283,Bill Daley
1284,Bill Rancic
1285,Bill Rancic
1286,Amy Adams
1287,Berenice Bejo
1288,Audrey Hepburn
1289,Alexander Skarsgard
1290,Bill Daley
1291,Billy Bob Thornton
1292,Bill Daley
1293,Anjelica Huston
1294,Bill Daley
1295,Andrew Luck
1296,Ashley Graham
1297,Andrew Lincoln
1298,Andrew Lincoln
1299,Bill Daley
1300,Anna Faris
1301,Anjelica Huston
1302,Annette Bening
1303,Bill Daley
1304,Anjelica Huston
1305,Adele
1306,Ben Affleck
1307,Andrew Lincoln
1308,Al Roker
1309,Annette Bening
1310,Bill Rancic
1311,Amanda Seyfried
1312,Annette Bening
1313,Bill Daley
1314,Ben Affleck
1315,Annette Bening
1316,Anjelica Huston
1317,Annette Bening
1318,Bill Daley
1319,Adrianne Palicki
1320,Ashley Greene
1321,Andrew Luck
1322,Barbra Streisand
1323,Bill O Reilly
1324,Alec Baldwin
1325,Anthony Perkins
1326,Anjelica Huston
1327,Ashley Graham
1328,Andrew Luck
1329,Bill Daley
1330,Aaron Judge
1331,Amy Adams
1332,Aaron Taylor-Johnson
1333,Bill Rancic
1334,Alec Baldwin
1335,Bill Daley
1336,Andrew Lincoln
1337,Bill Rancic
1338,Anna Faris
1339,Barbra Streisand
1340,Andrew Lincoln
1341,Alexandra Daddario
1342,Aaron Taylor-Johnson
1343,Bill Rancic
1344,Ashley Greene
1345,Alec Baldwin
1346,Betty White
1347,Alec Baldwin
1348,Andrew Lincoln
1349,Andrew Luck
1350,Andrew Lincoln
1351,Bernie Mac
1352,Betty White
1353,Benicio Del Toro
1354,Alexander Skarsgard
1355,Anthony Perkins
1356,Annette Bening
1357,Aaron Taylor-Johnson
1358,Alessandra Ambrosio
1359,Bill Daley
1360,Annette Bening
1361,Bill Rancic
1362,Andrew Luck
1363,Anjelica Huston
1364,Bernie Mac
1365,Amy Adams
1366,Bill Rancic
1367,Ashley Graham
1368,Andy Samberg
1369,Bill Daley
1370,Amy Adams
1371,Barbra Streisand
1372,Anjelica Huston
1373,Annette Bening
1374,Andrew Lincoln
1375,Barbra Streisand
1376,Ben Affleck
1377,Al Pacino
1378,Alice Eve
1379,Annette Bening
1380,Barbra Streisand
1381,Andrew Lincoln
1382,Bill O Reilly
1383,Anna Faris
1384,Alice Eve
1385,Barabara Palvin
1386,Annette Bening
1387,Bill Rancic
1388,Bill Rancic
1389,Bill Daley
1390,Bernie Mac
1391,Ben Affleck
1392,Aaron Judge
1393,Annette Bening
1394,Alicia Vikander
1395,Barbra Streisand
1396,Anna Faris
1397,Annette Bening
1398,Alec Baldwin
1399,Bernie Mac
1400,Betty White
1401,Ashley Graham
1402,Annette Bening
1403,Bill Daley
1404,Alice Eve
1405,Anna Faris
1406,Billy Bob Thornton
1407,Andrew Lincoln
1408,Adriana Barraza
1409,Andrew Luck
1410,Ben Kingsley
1411,Alexander Skarsgard
1412,Aaron Taylor-Johnson
1413,Anthony Perkins
1414,Annette Bening
1415,Adrianne Palicki
1416,Anna Faris
1417,Anthony Hopkins
1418,Andrew Lincoln
1419,Andrew Lincoln
1420,Andrew Lincoln
1421,Bill Daley
1422,Annette Bening
1423,Anthony Perkins
1424,Andrew Luck
1425,Ben Affleck
1426,Ben Affleck
1427,Bill Rancic
1428,Alexander Skarsgard
1429,Anjelica Huston
1430,Anjelica Huston
1431,Anthony Hopkins
1432,Ashley Greene
1433,Andreea Diaconu
1434,Andy Samberg
1435,Andy Samberg
1436,Alec Baldwin
1437,Anjelica Huston
1438,Anthony Perkins
1439,Billy Bob Thornton
1440,Andrew Lincoln
1441,Anjelica Huston
1442,Benicio Del Toro
1443,Anthony Perkins
1444,Bill Daley
1445,Barbra Streisand
1446,Andrew Luck
1447,Ashley Graham
1448,Anthony Perkins
1449,Andy Samberg
1450,Amy Adams
1451,Bill Daley
1452,Bill Rancic
1453,Adrianne Palicki
1454,Andrew Lincoln
1455,Andrew Luck
1456,Alexis Thorpe
1457,Barbra Streisand
1458,Andrew Luck
1459,Andrew Lincoln
1460,Anna Faris
1461,Bill Daley
1462,Anjelica Huston
1463,Ashley Graham
1464,Bill Rancic
1465,Andrew Luck
1466,Al Pacino
1467,Bill Rancic
1468,Aaron Taylor-Johnson
1469,Amanda Seyfried
1470,Annette Bening
1471,Anna Faris
1472,Anna Faris
1473,Alessandra Ambrosio
1474,Amy Adams
1475,Adrianne Palicki
1476,Anjelica Huston
1477,Aaron Judge
1478,Anna Sui
1479,Alice Eve
1480,Amanda Seyfried
1481,Andreea Diaconu
1482,Alice Eve
1483,Bernie Mac
1484,Annette Bening
1485,Al Pacino
1486,Andrew Lincoln
1487,Bill Daley
1488,Benjamin Bratt
1489,Annette Bening
1490,Andrew Luck
1491,Bill Daley
1492,Ben Affleck
1493,Aaron Judge
1494,Adrianne Palicki
1495,Alicia Vikander
1496,Alec Baldwin
1497,Bill Rancic
1498,Alexandra Daddario
1499,Annette Bening
1500,Bernie Mac
1501,Alexander Skarsgard
1502,Bill O Reilly
1503,Anjelica Huston
1504,Anthony Perkins
1505,Bernie Mac
1506,Aaron Judge
1507,Annette Bening
1508,Aaron Taylor-Johnson
1509,Andrew Lincoln
1510,Anjelica Huston
1511,Anthony Perkins
1512,Bernie Mac
1513,Berenice Bejo
1514,Annette Bening
1515,Barabara Palvin
1516,Andy Samberg
1517,Alec Baldwin
1518,Andrew Luck
1519,Aaron Judge
1520,Bill Daley
1521,Anthony Perkins
1522,Andrew Luck
1523,Alexis Thorpe
1524,Aaron Taylor-Johnson
1525,Aaron Taylor-Johnson
1526,Andrew Lincoln
1527,Anthony Hopkins
1528,Bill Daley
1529,Ben Affleck
1530,Ashley Graham
1531,Andrew Luck
1532,Adrianne Palicki
1533,Andreea Diaconu
1534,Anna Faris
1535,Anjelica Huston
1536,Adrianne Palicki
1537,Andy Samberg
1538,Alec Baldwin
1539,Bill Daley
1540,Annette Bening
1541,Berenice Bejo
1542,Annette Bening
1543,Alessandra Ambrosio
1544,Alexandra Daddario
1545,Andrew Lincoln
1546,Adrianne Palicki
1547,Barbra Streisand
1548,Andrew Lincoln
1549,Berenice Bejo
1550,Andrew Luck
1551,Anna Faris
1552,Ben Affleck
1553,Andy Samberg
1554,Ben Affleck
1555,Andy Samberg
1556,Anjelica Huston
1557,Ashley Graham
1558,Andreea Diaconu
1559,Berenice Bejo
1560,Barbra Streisand
1561,Alice Eve
1562,Bill Rancic
1563,Andrew Lincoln
1564,Bill Daley
1565,Ben Affleck
1566,Ashley Graham
1567,Alec Baldwin
1568,Alexis Thorpe
1569,Aaron Judge
1570,Barbra Streisand
1571,Alec Baldwin
1572,Annette Bening
1573,Annette Bening
1574,Andrew Lincoln
1575,Aaron Judge
1576,Andrew Lincoln
1577,Alec Baldwin
1578,Alice Eve
1579,Anthony Perkins
1580,Al Pacino
1581,Andrew Lincoln
1582,Andy Samberg
1583,Amanda Seyfried
1584,Anthony Perkins
1585,Anna Faris
1586,Anthony Perkins
1587,Aaron Judge
1588,Andrew Luck
1589,Barabara Palvin
1590,Andrew Lincoln
1591,Anna Faris
1592,Anjelica Huston
1593,Anjelica Huston
1594,Andrew Lincoln
1595,Anna Faris
1596,Bill Daley
1597,Bill Daley
1598,Aaron Judge
1599,Andrew Luck
1600,Aaron Judge
1601,Billy Bob Thornton
1602,Berenice Bejo
1603,Andrew Lincoln
1604,Ashley Greene
1605,Andrew Lincoln
1606,Andrew Lincoln
1607,Al Pacino
1608,Alec Baldwin
1609,Anna Faris
1610,Bill O Reilly
1611,Bill Rancic
1612,Bill Daley
1613,Al Pacino
1614,Alessandra Ambrosio
1615,Anna Faris
1616,Alice Eve
1617,Andrew Luck
1618,Andrew Lincoln
1619,Anna Faris
1620,Anjelica Huston
1621,Alec Baldwin
1622,Audrey Hepburn
1623,Anjelica Huston
1624,Billy Bob Thornton
1625,Anna Faris
1626,Bill Daley
1627,Andrew Lincoln
1628,Adele
1629,Annette Bening
1630,Benjamin Bratt
1631,Alec Baldwin
1632,Andrew Lincoln
1633,Andrew Lincoln
1634,Alice Eve
1635,Anjelica Huston
1636,Andrew Lincoln
1637,Bill Daley
1638,Alice Eve
1639,Aaron Judge
1640,Alexander Skarsgard
1641,Bill Rancic
1642,Amy Adams
1643,Andrew Lincoln
1644,Bill Rancic
1645,Alec Baldwin
1646,Alec Baldwin
1647,Bernie Mac
1648,Bill O Reilly
1649,Ashley Graham
1650,Adrianne Palicki
1651,Bill Daley
1652,Alessandra Ambrosio
1653,Akemi Darenogare
1654,Aaron Judge
1655,Bill Daley
1656,Al Pacino
1657,Benedict Cumberbatch
1658,Andrew Luck
1659,Anthony Perkins
1660,Andrew Lincoln
1661,Ashley Greene
1662,Amy Adams
1663,Anjelica Huston
1664,Andrew Lincoln
1665,Aaron Judge
1666,Andrew Lincoln
1667,Bill Daley
1668,Amy Adams
1669,Bill Daley
1670,Alec Baldwin
1671,Barbra Streisand
1672,Bill O Reilly
1673,Barbra Streisand
1674,Andrew Lincoln
1675,Alessandra Ambrosio
1676,Andrew Lincoln
1677,Alexis Thorpe
1678,Adrianne Palicki
1679,Alexandra Daddario
1680,Anthony Perkins
1681,Billy Bob Thornton
1682,Bernie Mac
1683,Bill Rancic
1684,Anjelica Huston
1685,Bill O Reilly
1686,Ashley Graham
1687,Annette Bening
1688,Aaron Taylor-Johnson
1689,Alexander Skarsgard
1690,Alec Baldwin
1691,Andrew Luck
1692,Aaron Judge
1693,Bill Daley
1694,Anna Sui
1695,Antonio Banderas
1696,Anthony Hopkins
1697,Andrew Lincoln
1698,Ben Affleck
1699,Annette Bening
1700,Bill Daley
1701,Ben Affleck
1702,Anna Faris
1703,Anthony Perkins
1704,Bernie Mac
1705,Alec Baldwin
1706,Annette Bening
1707,Alec Baldwin
1708,Bill Rancic
1709,Annette Bening
1710,Bill Rancic
1711,Adele
1712,Bill O Reilly
1713,Barbra Streisand
1714,Bernie Mac
1715,Alec Baldwin
1716,Andrew Lincoln
1717,Bernie Mac
1718,Amy Adams
1719,Amanda Seyfried
1720,Alexander Skarsgard
1721,Alice Eve
1722,Aaron Judge
1723,Bill Daley
1724,Ben Affleck
1725,Andrew Lincoln
1726,Anjelica Huston
1727,Andy Samberg
1728,Alice Eve
1729,Anjelica Huston
1730,Anna Faris
1731,Alexander Skarsgard
1732,Annette Bening
1733,Bill Daley
1734,Barbra Streisand
1735,Bernie Mac
1736,Amy Adams
1737,Anjelica Huston
1738,Anna Faris
1739,Annette Bening
1740,Bill O Reilly
1741,Andrew Lincoln
1742,Bernie Mac
1743,Aaron Taylor-Johnson
1744,Bill Rancic
1745,Bill Rancic
1746,Barbra Streisand
1747,Barbra Streisand
1748,Bernie Mac
1749,Billy Bob Thornton
1750,Andrew Luck
1751,Annette Bening
1752,Anjelica Huston
1753,Anjelica Huston
1754,Andrew Lincoln
1755,Anjelica Huston
1756,Andrew Lincoln
1757,Bill Rancic
1758,Barbra Streisand
1759,Bill Rancic
1760,Betty White
1761,Bill Daley
1762,Bill Rancic
1763,Aaron Taylor-Johnson
1764,Ben Affleck
1765,Barbra Streisand
1766,Alec Baldwin
1767,Andrew Lincoln
1768,Amy Adams
1769,Alexander Skarsgard
1770,Anna Faris
1771,Anna Faris
1772,Andrew Luck
1773,Alan Alda
1774,Bernie Mac
1775,Billy Bob Thornton
1776,Aaron Taylor-Johnson
1777,Al Pacino
1778,Bill Rancic
1779,Annette Bening
1780,Anthony Hopkins
1781,Billy Bob Thornton
1782,Andrew Luck
1783,Anjelica Huston
1784,Bill Rancic
1785,Adrianne Palicki
1786,Anna Faris
1787,Andrew Lincoln
1788,Alice Eve
1789,Benedict Cumberbatch
1790,Akemi Darenogare
1791,Alicia Vikander
1792,Bill Rancic
1793,Bernie Mac
1794,Anthony Hopkins
1795,Barbra Streisand
1796,Anjelica Huston
1797,Benjamin Bratt
1798,Alice Eve
1799,Anthony Hopkins
1800,Benjamin Bratt
1801,Anna Faris
1802,Alicia Vikander
1803,Ben Affleck
1804,Aaron Taylor-Johnson
1805,Bill Rancic
1806,Andy Samberg
1807,Bill Daley
1808,Aaron Judge
1809,Andy Samberg
1810,Andrew Lincoln
1811,Amy Adams
1812,Andrew Luck
1813,Adrianne Palicki
1814,Barbra Streisand
1815,Bill Rancic
1816,Ben Affleck
1817,Annette Bening
1818,Billy Bob Thornton
1819,Amanda Seyfried
1820,Ben Affleck
1821,Billy Bob Thornton
1822,Andrew Lincoln
1823,Alicia Vikander
1824,Adriana Barraza
1825,Bill Rancic
1826,Andrew Lincoln
1827,Alexander Skarsgard
1828,Aaron Judge
1829,Bill Daley
1830,Betty White
1831,Anjelica Huston
1832,Andrew Lincoln
1833,Ben Affleck
1834,Andrew Luck
1835,Bill Daley
1836,Bernie Mac
1837,Andrew Lincoln
1838,Andy Samberg
1839,Adriana Barraza
1840,Anna Sui
1841,Andrew Luck
1842,Billy Bob Thornton
1843,Amy Adams
1844,Bill Daley
1845,Anthony Hopkins
1846,Andie MacDowell
1847,Billy Bob Thornton
1848,Bernie Mac
1849,Alexander Skarsgard
1850,Alexandra Daddario
1851,Al Pacino
1852,Anthony Perkins
1853,Aaron Taylor-Johnson
1854,Aaron Taylor-Johnson
1855,Bill Daley
1856,Andrew Luck
1857,Bill Rancic
1858,Anna Faris
1859,Bill O Reilly
1860,Bill Daley
1861,Bill Daley
1862,Ben Affleck
1863,Bill Rancic
1864,Bill Daley
1865,Aaron Judge
1866,Andrew Lincoln
1867,Bill Daley
1868,Anna Faris
1869,Bill Daley
1870,Billy Bob Thornton
1871,Alec Baldwin
1872,Ben Affleck
1873,Aaron Taylor-Johnson
1874,Annette Bening
1875,Adele
1876,Adrianne Palicki
1877,Amanda Seyfried
1878,Barbra Streisand
1879,Aaron Taylor-Johnson
1880,Bill Daley
1881,Amy Adams
1882,Barbra Streisand
1883,Anthony Perkins
1884,Anthony Perkins
1885,Andrew Luck
1886,Anna Faris
1887,Andrew Luck
1888,Barbra Streisand
1889,Adriana Barraza
1890,Anna Sui
1891,Andie MacDowell
1892,Alec Baldwin
1893,Bill Daley
1894,Adrianne Palicki
1895,Barbra Streisand
1896,Billy Bob Thornton
1897,Aaron Judge
1898,Bill Rancic
1899,Alexandra Daddario
1900,Andy Samberg
1901,Annette Bening
1902,Andy Samberg
1903,Anna Faris
1904,Amy Adams
1905,Andy Samberg
1906,Ashley Greene
1907,Andrew Lincoln
1908,Anna Faris
1909,Barbra Streisand
1910,Aaron Taylor-Johnson
1911,Annette Bening
1912,Alec Baldwin
1913,Bill O Reilly
1914,Anthony Hopkins
1915,Annette Bening
1916,Ben Affleck
1917,Bill Rancic
1918,Anna Faris
1919,Andy Samberg
1920,Ashley Graham
1921,Anna Faris
1922,Andrew Lincoln
1923,Anna Faris
1924,Bill O Reilly
1925,Bernie Mac
1926,Ben Affleck
1927,Barbra Streisand
1928,Billy Bob Thornton
1929,Andrew Lincoln
1930,Amy Adams
1931,Andrew Lincoln
1932,Barbra Streisand
1933,Bill Rancic
1934,Betty White
1935,Bill Rancic
1936,Anthony Hopkins
1937,Alicia Vikander
1938,Andrew Lincoln
1939,Anna Faris
1940,Anjelica Huston
1941,Bill Daley
1942,Anjelica Huston
1943,Bill Rancic
1944,Bill Rancic
1945,Bill Rancic
1946,Andrew Lincoln
1947,Aaron Judge
1948,Andrew Lincoln
1949,Andie MacDowell
1950,Bill O Reilly
1951,Bill O Reilly
1952,Anna Faris
1953,Andrew Lincoln
1954,Alice Eve
1955,Andrew Luck
1956,Ben Affleck
1957,Amy Adams
1958,Betty White
1959,Anna Faris
1960,Aaron Taylor-Johnson
1961,Bernie Mac
1962,Anjelica Huston
1963,Alicia Vikander
1964,Alexandra Daddario
1965,Aaron Taylor-Johnson
1966,Alice Eve
1967,Billy Bob Thornton
1968,Anna Faris
1969,Ashley Greene
1970,Anjelica Huston
1971,Adrianne Palicki
1972,Anjelica Huston
1973,Barbra Streisand
1974,Andy Samberg
1975,Alec Baldwin
1976,Andrew Luck
1977,Betty White
1978,Al Pacino
1979,Billy Bob Thornton
1980,Aaron Judge
1981,Anjelica Huston
1982,Andrew Luck
1983,Anjelica Huston
1984,Bill Daley
1985,Adriana Barraza
1986,Andrew Luck
1987,Amy Adams
1988,Anjelica Huston
1989,Bill Rancic
1990,Ashley Greene
1991,Anthony Perkins
1992,Anthony Hopkins
1993,Bill Daley
1994,Anjelica Huston
1995,Alice Eve
1996,Aaron Judge
1997,Bernie Mac
1998,Annette Bening
1999,Annette Bening
2000,Andrew Lincoln
2001,Benjamin Bratt
2002,Bernie Mac
2003,Alice Eve
2004,Bill Daley
2005,Bill O Reilly
2006,Al Pacino
2007,Bill Rancic
2008,Bernie Mac
2009,Bernie Mac
2010,Annette Bening
2011,Barbra Streisand
2012,Bill Daley
2013,Bernie Mac
2014,Akemi Darenogare
2015,Alexander Skarsgard
2016,Bill Daley
2017,Bill Daley
2018,Alicia Vikander
2019,Bernie Mac
2020,Anna Sui
2021,Bill Daley
2022,Annette Bening
2023,Bill Daley
2024,Annette Bening
2025,Bernie Mac
2026,Barbra Streisand
2027,Andy Samberg
2028,Anjelica Huston
2029,Bill Daley
2030,Anna Faris
2031,Barbra Streisand
2032,Alice Eve
2033,Amy Adams
2034,Bill Daley
2035,Alec Baldwin
2036,Andy Samberg
2037,Annette Bening
2038,Betty White
2039,Billy Bob Thornton
2040,Betty White
2041,Anna Faris
2042,Andy Samberg
2043,Bill Daley
2044,Anjelica Huston
2045,Amy Adams
2046,Alexandra Daddario
2047,Berenice Bejo
2048,Annette Bening
2049,Alec Baldwin
2050,Bill Daley
2051,Berenice Bejo
2052,Anjelica Huston
2053,Adele
2054,Annette Bening
2055,Bill O Reilly
2056,Anna Faris
2057,Andrew Luck
2058,Bill Daley
2059,Alexis Thorpe
2060,Anna Sui
2061,Amy Adams
2062,Anthony Hopkins
2063,Anna Sui
2064,Barbra Streisand
2065,Andrew Lincoln
2066,Bill Rancic
2067,Alicia Vikander
2068,Andrew Luck
2069,Berenice Bejo
2070,Andie MacDowell
2071,Bernie Mac
2072,Andie MacDowell
2073,Bill Rancic
2074,Anjelica Huston
2075,Bill O Reilly
2076,Bill Rancic
2077,Andrew Lincoln
2078,Anjelica Huston
2079,Andrew Luck
2080,Barbra Streisand
2081,Bill Daley
2082,Bill Rancic
2083,Al Pacino
2084,Andrew Lincoln
2085,Bernie Mac
2086,Bill Daley
2087,Andrew Lincoln
2088,Anthony Perkins
2089,Alexander Skarsgard
2090,Alice Eve
2091,Andrew Luck
2092,Alexander Skarsgard
2093,Amy Adams
2094,Bill O Reilly
2095,Bill O Reilly
2096,Anjelica Huston
2097,Anna Faris
2098,Andrew Luck
2099,Al Pacino
2100,Andreea Diaconu
2101,Annette Bening
2102,Annette Bening
2103,Andie MacDowell
2104,Berenice Bejo
2105,Amy Adams
2106,Bernie Mac
2107,Alexander Skarsgard
2108,Amy Adams
2109,Andy Samberg
2110,Amanda Seyfried
2111,Billy Bob Thornton
2112,Alice Eve
2113,Annette Bening
2114,Anthony Perkins
2115,Bernie Mac
2116,Andrew Lincoln
2117,Alec Baldwin
2118,Aaron Taylor-Johnson
2119,Aaron Judge
2120,Adele
2121,Alec Baldwin
2122,Alexander Skarsgard
2123,Andrew Lincoln
2124,Anthony Perkins
2125,Alice Eve
2126,Aaron Judge
2127,Ben Affleck
2128,Anjelica Huston
2129,Andrew Lincoln
2130,Anthony Perkins
2131,Andrew Lincoln
2132,Annette Bening
2133,Andrew Lincoln
2134,Anjelica Huston
2135,Alec Baldwin
2136,Anna Faris
2137,Annette Bening
2138,Bill Daley
2139,Bill Daley
2140,Andrew Lincoln
2141,Bill Daley
2142,Andrew Lincoln
2143,Bill Daley
2144,Billy Bob Thornton
2145,Ben Affleck
2146,Ashley Greene
2147,Audrey Hepburn
2148,Bernie Mac
2149,Barbra Streisand
2150,Barbra Streisand
2151,Andrew Lincoln
2152,Al Pacino
2153,Alec Baldwin
2154,Adrianne Palicki
2155,Alicia Vikander
2156,Barbra Streisand
2157,Alessandra Ambrosio
2158,Bernie Mac
2159,Bill O Reilly
2160,Anna Faris
2161,Anna Faris
2162,Al Pacino
2163,Bill Daley
2164,Andrew Lincoln
2165,Adrianne Palicki
2166,Andrew Lincoln
2167,Adrianne Palicki
2168,Alec Baldwin
2169,Bill Daley
2170,Anthony Perkins
2171,Anjelica Huston
2172,Anna Faris
2173,Alec Baldwin
2174,Alec Baldwin
2175,Andrew Lincoln
2176,Adrianne Palicki
2177,Bill Rancic
2178,Amanda Seyfried
2179,Anthony Perkins
2180,Andrew Lincoln
2181,Amy Adams
2182,Andrew Lincoln
2183,Anna Sui
2184,Annette Bening
2185,Andrew Lincoln
2186,Alice Eve
2187,Anjelica Huston
2188,Adele
2189,Andrew Lincoln
2190,Adrianne Palicki
2191,Ashley Greene
2192,Billy Bob Thornton
2193,Alexander Skarsgard
2194,Bill Daley
2195,Anna Faris
2196,Andrew Lincoln
2197,Barbra Streisand
2198,Adrianne Palicki
2199,Anjelica Huston
2200,Barbra Streisand
2201,Anna Faris
2202,Bill Rancic
2203,Bill Rancic
2204,Ashley Graham
2205,Amanda Seyfried
2206,Ashley Greene
2207,Annette Bening
2208,Bernie Mac
2209,Barbra Streisand
2210,Bill O Reilly
2211,Bill O Reilly
2212,Ashley Greene
2213,Bill Rancic
2214,Andrew Lincoln
2215,Barbra Streisand
2216,Annette Bening
2217,Bernie Mac
2218,Bill Daley
2219,Ashley Graham
2220,Andrew Lincoln
2221,Andrew Lincoln
2222,Alec Baldwin
2223,Adriana Barraza
2224,Anjelica Huston
2225,Andrew Luck
2226,Andrew Luck
2227,Annette Bening
2228,Bernie Mac
2229,Bill O Reilly
2230,Anthony Perkins
2231,Al Pacino
2232,Aaron Judge
2233,Alessandra Ambrosio
2234,Bill Daley
2235,Annette Bening
2236,Berenice Bejo
2237,Aaron Judge
2238,Berenice Bejo
2239,Bill Daley
2240,Andrew Lincoln
2241,Anna Faris
2242,Anthony Hopkins
2243,Annette Bening
2244,Alec Baldwin
2245,Bill Daley
2246,Bernie Mac
2247,Anna Faris
2248,Bill Daley
2249,Andrew Luck
2250,Amy Adams
2251,Bill Daley
2252,Annette Bening
2253,Anthony Perkins
2254,Andrew Lincoln
2255,Bill Rancic
2256,Andreea Diaconu
2257,Aaron Taylor-Johnson
2258,Bernie Mac
2259,Anna Faris
2260,Akemi Darenogare
2261,Anthony Perkins
2262,Barbra Streisand
2263,Bernie Mac
2264,Alec Baldwin
2265,Alexis Thorpe
2266,Annette Bening
2267,Ben Affleck
2268,Andrew Luck
2269,Annette Bening
2270,Al Pacino
2271,Adrianne Palicki
2272,Andrew Lincoln
2273,Alec Baldwin
2274,Bernie Mac
2275,Alexandra Daddario
2276,Barbra Streisand
2277,Bill Rancic
2278,Aaron Taylor-Johnson
2279,Alec Baldwin
2280,Andrew Lincoln
2281,Anna Faris
2282,Anthony Perkins
2283,Aaron Taylor-Johnson
2284,Bill Daley
2285,Anthony Hopkins
2286,Anjelica Huston
2287,Bill Daley
2288,Anjelica Huston
2289,Billy Bob Thornton
2290,Anjelica Huston
2291,Anna Faris
2292,Anjelica Huston
2293,Andy Samberg
2294,Ashley Graham
2295,Ben Affleck
2296,Aaron Taylor-Johnson
2297,Amanda Seyfried
2298,Bernie Mac
2299,Barbra Streisand
2300,Billy Bob Thornton
2301,Bill Daley
2302,Ben Affleck
2303,Alexandra Daddario
2304,Bill Daley
2305,Alexandra Daddario
2306,Ashley Greene
2307,Alexander Skarsgard
2308,Alice Eve
2309,Barbra Streisand
2310,Alessandra Ambrosio
2311,Bill Rancic
2312,Andrew Lincoln
2313,Annette Bening
2314,Barbra Streisand
2315,Andrew Luck
2316,Alice Eve
2317,Alice Eve
2318,Annette Bening
2319,Anna Faris
2320,Andy Samberg
2321,Annette Bening
2322,Al Pacino
2323,Bill Daley
2324,Bill Daley
2325,Anjelica Huston
2326,Anna Faris
2327,Andrew Lincoln
2328,Alec Baldwin
2329,Adele
2330,Betty White
2331,Bill Rancic
2332,Ashley Greene
2333,Andrew Lincoln
2334,Bernie Mac
2335,Anjelica Huston
2336,Anna Faris
2337,Aaron Taylor-Johnson
2338,Bill Rancic
2339,Bill Daley
2340,Andrew Luck
2341,Alexander Skarsgard
2342,Alice Eve
2343,Al Pacino
2344,Bill Rancic
2345,Anna Faris
2346,Ben Affleck
2347,Anna Faris
2348,Annette Bening
2349,Annette Bening
2350,Bill Rancic
2351,Anjelica Huston
2352,Andrew Lincoln
2353,Anthony Hopkins
2354,Benjamin Bratt
2355,Alec Baldwin
2356,Andrew Luck
2357,Annette Bening
2358,Ashley Greene
2359,Alec Baldwin
2360,Anna Faris
2361,Amanda Seyfried
2362,Bill Rancic
2363,Benjamin Bratt
2364,Bill Daley
2365,Andrew Lincoln
2366,Andrew Lincoln
2367,Anthony Perkins
2368,Bernie Mac
2369,Alec Baldwin
2370,Barbra Streisand
2371,Andy Samberg
2372,Anthony Perkins
2373,Anna Faris
2374,Bernie Mac
2375,Bill Daley
2376,Al Pacino
2377,Andrew Lincoln
2378,Bernie Mac
2379,Adrianne Palicki
2380,Amanda Seyfried
2381,Alec Baldwin
2382,Ashley Graham
2383,Aaron Taylor-Johnson
2384,Andrew Luck
2385,Ashley Greene
2386,Annette Bening
2387,Anthony Hopkins
2388,Annette Bening
2389,Andrew Luck
2390,Betty White
2391,Ashley Graham
2392,Ashley Greene
2393,Annette Bening
2394,Adele
2395,Andrew Lincoln
2396,Amy Adams
2397,Anna Faris
2398,Alec Baldwin
2399,Bill Daley
2400,Ben Affleck
2401,Bernie Mac
2402,Andrew Lincoln
2403,Anjelica Huston
2404,Bill O Reilly
2405,Bill O Reilly
2406,Anjelica Huston
2407,Andy Samberg
2408,Alec Baldwin
2409,Bill Rancic
2410,Anna Faris
2411,Andrew Luck
2412,Barbra Streisand
2413,Annette Bening
2414,Barbra Streisand
2415,Andie MacDowell
2416,Betty White
2417,Amy Adams
2418,Bill Daley
2419,Annette Bening
2420,Anna Faris
2421,Andrew Luck
2422,Adrianne Palicki
2423,Amy Adams
2424,Berenice Bejo
2425,Bernie Mac
2426,Anthony Hopkins
2427,Andrew Lincoln
2428,Bill Daley
2429,Andy Samberg
2430,Billy Bob Thornton
2431,Annette Bening
2432,Benjamin Bratt
2433,Andrew Lincoln
2434,Anjelica Huston
2435,Betty White
2436,Alice Eve
2437,Anna Faris
2438,Ben Affleck
2439,Annette Bening
2440,Barbra Streisand
2441,Bill Rancic
2442,Anna Faris
2443,Barbra Streisand
2444,Al Pacino
2445,Bill Rancic
2446,Alexander Skarsgard
2447,Annette Bening
2448,Andrew Lincoln
2449,Bill Daley
2450,Annette Bening
2451,Andy Samberg
2452,Amanda Seyfried
2453,Anjelica Huston
2454,Anthony Perkins
2455,Bill Rancic
2456,Annette Bening
2457,Al Pacino
2458,Andy Samberg
2459,Ben Affleck
2460,Andrew Luck
2461,Bill O Reilly
2462,Anna Faris
2463,Andrew Lincoln
2464,Andrew Lincoln
2465,Andrew Lincoln
2466,Andrew Luck
2467,Bill Daley
2468,Bill Daley
2469,Andy Samberg
2470,Annette Bening
2471,Andrew Luck
2472,Andrew Lincoln
2473,Andrew Lincoln
2474,Anna Faris
2475,Bill Rancic
2476,Bill Rancic
2477,Alice Eve
2478,Barabara Palvin
2479,Bill Rancic
2480,Ben Affleck
2481,Alec Baldwin
2482,Bill Daley
2483,Anjelica Huston
2484,Bill Daley
2485,Bill Daley
2486,Anthony Perkins
2487,Bill Daley
2488,Ben Affleck
2489,Berenice Bejo
2490,Ben Affleck
2491,Ashley Graham
2492,Aaron Taylor-Johnson
2493,Andy Samberg
2494,Bernie Mac
2495,Ashley Graham
2496,Aaron Judge
2497,Andrew Lincoln
2498,Adrianne Palicki
2499,Anna Sui
2500,Anna Faris
2501,Alice Eve
2502,Barbra Streisand
2503,Adele
2504,Ashley Greene
2505,Aaron Taylor-Johnson
2506,Andy Samberg
2507,Alicia Vikander
2508,Anna Faris
2509,Amy Adams
2510,Annette Bening
2511,Alexandra Daddario
2512,Anjelica Huston
2513,Amy Adams
2514,Alec Baldwin
2515,Amanda Seyfried
2516,Annette Bening
2517,Aaron Judge
2518,Andy Samberg
2519,Betty White
2520,Amy Adams
2521,Adrianne Palicki
2522,Anna Faris
2523,Annette Bening
2524,Bill Daley
2525,Anthony Perkins
2526,Andy Samberg
2527,Andrew Lincoln
2528,Bill Daley
2529,Andy Samberg
2530,Anna Faris
2531,Bill Rancic
2532,Aaron Taylor-Johnson
2533,Andreea Diaconu
2534,Anjelica Huston
2535,Bill Daley
2536,Benicio Del Toro
2537,Anthony Perkins
2538,Ben Affleck
2539,Andrew Lincoln
2540,Anna Faris
2541,Andie MacDowell
2542,Amy Adams
2543,Anna Faris
2544,Bill Rancic
2545,Bill Daley
2546,Anna Faris
2547,Adrianne Palicki
2548,Berenice Bejo
2549,Adrianne Palicki
2550,Anna Faris
2551,Benedict Cumberbatch
2552,Bernie Mac
2553,Barabara Palvin
2554,Andrew Luck
2555,Aaron Judge
2556,Anjelica Huston
2557,Adrianne Palicki
2558,Andrew Lincoln
2559,Barbra Streisand
2560,Anthony Hopkins
2561,Ashley Greene
2562,Ashley Graham
2563,Andrew Lincoln
2564,Ashley Graham
2565,Bill Daley
2566,Anjelica Huston
2567,Barbra Streisand
2568,Betty White
2569,Amy Adams
2570,Bill O Reilly
2571,Andrew Luck
2572,Anna Faris
2573,Ashley Graham
2574,Anna Faris
2575,Anjelica Huston
2576,Bill Daley
2577,Bill Daley
2578,Andreea Diaconu
2579,Alice Eve
2580,Barbra Streisand
2581,Andrew Lincoln
2582,Anthony Perkins
2583,Audrey Hepburn
2584,Barbra Streisand
2585,Bill Rancic
2586,Anna Faris
2587,Bill Daley
2588,Anthony Perkins
2589,Andy Samberg
2590,Andrew Lincoln
2591,Bill Daley
2592,Andrew Lincoln
2593,Barbra Streisand
2594,Bernie Mac
2595,Adrianne Palicki
2596,Alec Baldwin
2597,Anna Faris
2598,Andrew Lincoln
2599,Alice Eve
2600,Adrianne Palicki
2601,Al Pacino
2602,Ashley Graham
2603,Annette Bening
2604,Amanda Seyfried
2605,Annette Bening
2606,Bernie Mac
2607,Ashley Greene
2608,Alexander Skarsgard
2609,Alan Alda
2610,Alec Baldwin
2611,Anna Sui
2612,Aaron Taylor-Johnson
2613,Anna Faris
2614,Amy Adams
2615,Alec Baldwin
2616,Amy Adams
2617,Anna Faris
2618,Andrew Lincoln
2619,Alice Eve
2620,Audrey Hepburn
2621,Bill Daley
2622,Anthony Hopkins
2623,Andrew Lincoln
2624,Annette Bening
2625,Aaron Judge
2626,Alexander Skarsgard
2627,Andrew Luck
2628,Alec Baldwin
2629,Aaron Judge
2630,Bill Daley
2631,Anjelica Huston
2632,Bill Daley
2633,Andrew Lincoln
2634,Annette Bening
2635,Andrew Lincoln
2636,Bill Rancic
2637,Bernie Mac
2638,Andy Samberg
2639,Andie MacDowell
2640,Ashley Greene
2641,Annette Bening
2642,Andy Samberg
2643,Andie MacDowell
2644,Annette Bening
2645,Anjelica Huston
2646,Bill Daley
2647,Andrew Lincoln
2648,Bill Daley
2649,Barbra Streisand
2650,Andie MacDowell
2651,Andrew Lincoln
2652,Andrew Lincoln
2653,Aaron Taylor-Johnson
2654,Amy Adams
2655,Andreea Diaconu
2656,Alec Baldwin
2657,Barbra Streisand
2658,Barbra Streisand
2659,Anna Faris
2660,Amy Adams
2661,Andrew Lincoln
2662,Ben Affleck
2663,Bill Daley
2664,Amy Adams
2665,Amy Adams
2666,Bill Rancic
2667,Andrew Luck
2668,Berenice Bejo
2669,Barbra Streisand
2670,Anna Faris
2671,Alice Eve
2672,Andrew Lincoln
2673,Bill Daley
2674,Annette Bening
2675,Ben Affleck
2676,Bill Daley
2677,Bill Rancic
2678,Alexander Skarsgard
2679,Bill Daley
2680,Aaron Judge
2681,Berenice Bejo
2682,Barbra Streisand
2683,Ashley Graham
2684,Bill Daley
2685,Bernie Mac
2686,Ashley Graham
2687,Alexis Thorpe
2688,Bill O Reilly
2689,Bill Daley
2690,Ashley Graham
2691,Annette Bening
2692,Alice Eve
2693,Bill Rancic
2694,Andrew Luck
2695,Berenice Bejo
2696,Ashley Graham
2697,Alexander Skarsgard
2698,Betty White
2699,Aaron Taylor-Johnson
2700,Billy Bob Thornton
2701,Ben Affleck
2702,Ben Affleck
2703,Bill Daley
2704,Bernie Mac
2705,Alicia Vikander
2706,Andreea Diaconu
2707,Anjelica Huston
2708,Andrew Lincoln
2709,Bill Daley
2710,Bernie Mac
2711,Adele
2712,Anjelica Huston
2713,Bernie Mac
2714,Amanda Seyfried
2715,Alessandra Ambrosio
2716,Ashley Greene
2717,Alessandra Ambrosio
2718,Andreea Diaconu
2719,Barbra Streisand
2720,Amy Adams
2721,Bill Daley
2722,Anjelica Huston
2723,Anna Faris
2724,Andrew Luck
2725,Aaron Judge
2726,Berenice Bejo
2727,Anthony Perkins
2728,Andrew Lincoln
2729,Annette Bening
2730,Amy Adams
2731,Alec Baldwin
2732,Bill Daley
2733,Anna Faris
2734,Bernie Mac
2735,Bill Daley
2736,Barbra Streisand
2737,Barbra Streisand
2738,Amy Adams
2739,Alan Alda
2740,Alice Eve
2741,Bill Daley
2742,Benjamin Bratt
2743,Adrianne Palicki
2744,Bill Daley
2745,Billy Bob Thornton
2746,Anthony Hopkins
2747,Adele
2748,Anna Faris
2749,Bill Rancic
2750,Anjelica Huston
2751,Alec Baldwin
2752,Andy Samberg
2753,Ben Affleck
2754,Alice Eve
2755,Bernie Mac
2756,Ashley Graham
2757,Adriana Barraza
2758,Bill Daley
2759,Bernie Mac
2760,Annette Bening
2761,Andrew Lincoln
2762,Aaron Taylor-Johnson
2763,Anjelica Huston
2764,Barbra Streisand
2765,Alice Eve
2766,Bernie Mac
2767,Alice Eve
2768,Bernie Mac
2769,Andreea Diaconu
2770,Barbra Streisand
2771,Anthony Hopkins
2772,Bill Daley
2773,Anjelica Huston
2774,Annette Bening
2775,Anjelica Huston
2776,Amy Adams
2777,Andrew Luck
2778,Alec Baldwin
2779,Billy Bob Thornton
2780,Aaron Judge
2781,Ben Affleck
2782,Andrew Lincoln
2783,Anjelica Huston
2784,Anjelica Huston
2785,Adrianne Palicki
2786,Barbra Streisand
2787,Amy Adams
2788,Aaron Taylor-Johnson
2789,Alexis Thorpe
2790,Berenice Bejo
2791,Ben Affleck
2792,Aaron Judge
2793,Amanda Seyfried
2794,Barbra Streisand
2795,Anthony Hopkins
2796,Anna Faris
2797,Berenice Bejo
2798,Ashley Greene
2799,Andrew Lincoln
2800,Alec Baldwin
2801,Anna Faris
2802,Amy Adams
2803,Andrew Lincoln
2804,Adrianne Palicki
2805,Andrew Lincoln
2806,Akemi Darenogare
2807,Amanda Seyfried
2808,Anthony Perkins
2809,Anthony Hopkins
2810,Ben Affleck
2811,Anjelica Huston
2812,Aaron Judge
2813,Billy Bob Thornton
2814,Al Pacino
2815,Aaron Judge
2816,Anthony Perkins
2817,Bill Rancic
2818,Bernie Mac
2819,Al Pacino
2820,Adrianne Palicki
2821,Andrew Lincoln
2822,Andrew Lincoln
2823,Bill Daley
2824,Anjelica Huston
2825,Bill Daley
2826,Anthony Perkins
2827,Alec Baldwin
2828,Andrew Lincoln
2829,Aaron Judge
2830,Alec Baldwin
2831,Alec Baldwin
2832,Alec Baldwin
2833,Anjelica Huston
2834,Anna Faris
2835,Barbra Streisand
2836,Anjelica Huston
2837,Barbra Streisand
2838,Adriana Barraza
2839,Bernie Mac
2840,Bill Daley
2841,Adriana Barraza
2842,Anjelica Huston
2843,Andrew Luck
2844,Bill Daley
2845,Alec Baldwin
2846,Anna Faris
2847,Billy Bob Thornton
2848,Bill Rancic
2849,Alicia Vikander
2850,Anna Faris
2851,Ashley Greene
2852,Amanda Seyfried
2853,Andrew Lincoln
2854,Anna Faris
2855,Bill Rancic
2856,Bill O Reilly
2857,Anjelica Huston
2858,Berenice Bejo
2859,Andrew Luck
2860,Bill Rancic
2861,Anjelica Huston
2862,Andreea Diaconu
2863,Anna Faris
2864,Alessandra Ambrosio
2865,Andrew Lincoln
2866,Alexander Skarsgard
2867,Anthony Perkins
2868,Andrew Lincoln
2869,Barbra Streisand
2870,Andy Samberg
2871,Barbra Streisand
2872,Anjelica Huston
2873,Alessandra Ambrosio
2874,Alec Baldwin
2875,Bill Daley
2876,Alec Baldwin
2877,Anjelica Huston
2878,Bill Rancic
2879,Betty White
2880,Bill Daley
2881,Andie MacDowell
2882,Amy Adams
2883,Amy Adams
2884,Bernie Mac
2885,Audrey Hepburn
2886,Bill Daley
2887,Andrew Lincoln
2888,Andrew Lincoln
2889,Aaron Taylor-Johnson
2890,Ashley Greene
2891,Annette Bening
2892,Anjelica Huston
2893,Andrew Lincoln
2894,Anna Faris
2895,Alec Baldwin
2896,Berenice Bejo
2897,Bill Daley
2898,Al Pacino
2899,Anjelica Huston
2900,Anna Faris
2901,Ben Affleck
2902,Anthony Hopkins
2903,Ben Affleck
2904,Andrew Lincoln
2905,Bill Daley
2906,Alec Baldwin
2907,Andy Samberg
2908,Anjelica Huston
2909,Andrew Luck
2910,Barbra Streisand
2911,Annette Bening
2912,Amanda Seyfried
2913,Andrew Lincoln
2914,Audrey Hepburn
2915,Adrianne Palicki
2916,Barbra Streisand
2917,Andrew Luck
2918,Anjelica Huston
2919,Bernie Mac
2920,Andrew Lincoln
2921,Alexander Skarsgard
2922,Barabara Palvin
2923,Barbra Streisand
2924,Bill Rancic
2925,Alicia Vikander
2926,Bill Daley
2927,Aaron Taylor-Johnson
2928,Amy Adams
2929,Andrew Luck
2930,Annette Bening
2931,Bill Rancic
2932,Ashley Greene
2933,Anna Faris
2934,Annette Bening
2935,Annette Bening
2936,Andrew Lincoln
2937,Barbra Streisand
2938,Andrew Luck
2939,Bill Rancic
2940,Bill Rancic
2941,Anna Faris
2942,Andrew Luck
2943,Barbra Streisand
2944,Barbra Streisand
2945,Andy Samberg
2946,Aaron Taylor-Johnson
2947,Billy Bob Thornton
2948,Aaron Judge
2949,Bill Daley
2950,Annette Bening
2951,Anjelica Huston
2952,Bill Rancic
2953,Barbra Streisand
2954,Andrew Lincoln
2955,Andrew Luck
2956,Barbra Streisand
2957,Bernie Mac
2958,Andie MacDowell
2959,Andrew Lincoln
2960,Bill Daley
2961,Alexis Thorpe
2962,Andrew Lincoln
2963,Alexandra Daddario
2964,Bernie Mac
2965,Anjelica Huston
2966,Bill Rancic
2967,Adriana Barraza
2968,Al Roker
2969,Annette Bening
2970,Annette Bening
2971,Barbra Streisand
2972,Bill Rancic
2973,Aaron Judge
2974,Bernie Mac
2975,Alec Baldwin
2976,Al Pacino
2977,Andy Samberg
2978,Andrew Luck
2979,Anna Faris
2980,Amy Adams
2981,Alan Alda
2982,Andrew Lincoln
2983,Annette Bening
2984,Aaron Judge
2985,Andrew Luck
2986,Alec Baldwin
2987,Alice Eve
2988,Anna Faris
2989,Anna Faris
2990,Ashley Graham
2991,Bill Daley
2992,Andrew Luck
2993,Alec Baldwin
2994,Aaron Judge
2995,Andrew Luck
2996,Andrew Lincoln
2997,Barbra Streisand
2998,Andrew Lincoln
2999,Aaron Taylor-Johnson
3000,Bill Rancic
3001,Bill Daley
3002,Billy Bob Thornton
3003,Barbra Streisand
3004,Anjelica Huston
3005,Annette Bening
3006,Andrew Luck
3007,Alice Eve
3008,Amy Adams
3009,Aaron Taylor-Johnson
3010,Andrew Luck
3011,Alessandra Ambrosio
3012,Al Pacino
3013,Bill O Reilly
3014,Bill Daley
3015,Annette Bening
3016,Bill Daley
3017,Benjamin Bratt
3018,Andrew Lincoln
3019,Anna Faris
3020,Aaron Judge
3021,Ashley Graham
3022,Aaron Taylor-Johnson
3023,Annette Bening
3024,Bill O Reilly
3025,Ashley Greene
3026,Anna Faris
3027,Andrew Lincoln
3028,Annette Bening
3029,Andrew Luck
3030,Annette Bening
3031,Anthony Hopkins
3032,Andrew Lincoln
3033,Barbra Streisand
3034,Annette Bening
3035,Andrew Lincoln
3036,Annette Bening
3037,Ashley Greene
3038,Anjelica Huston
3039,Bernie Mac
3040,Anthony Perkins
3041,Andrew Luck
3042,Bill Rancic
3043,Amy Adams
3044,Andrew Luck
3045,Andrew Lincoln
3046,Andrew Lincoln
3047,Adriana Lima
3048,Aaron Taylor-Johnson
3049,Aaron Judge
3050,Andy Samberg
3051,Ben Affleck
3052,Anthony Perkins
3053,Aaron Judge
3054,Anthony Perkins
3055,Annette Bening
3056,Billy Bob Thornton
3057,Anthony Perkins
3058,Annette Bening
3059,Andrew Lincoln
3060,Berenice Bejo
3061,Andrew Lincoln
3062,Andrew Lincoln
3063,Adrianne Palicki
3064,Annette Bening
3065,Annette Bening
3066,Barbra Streisand
3067,Bill Daley
3068,Andrew Luck
3069,Anthony Perkins
3070,Andrew Luck
3071,Aaron Judge
3072,Annette Bening
3073,Ashley Graham
3074,Annette Bening
3075,Adrianne Palicki
3076,Andrew Lincoln
3077,Annette Bening
3078,Bill Daley
3079,Bill Rancic
3080,Billy Bob Thornton
3081,Amy Adams
3082,Bill Daley
3083,Bill O Reilly
3084,Amy Adams
3085,Andrew Lincoln
3086,Benedict Cumberbatch
3087,Bill Daley
3088,Andrew Luck
3089,Annette Bening
3090,Barbra Streisand
3091,Annette Bening
3092,Andy Samberg
3093,Aaron Taylor-Johnson
3094,Bill Rancic
3095,Benjamin Bratt
3096,Andrew Lincoln
3097,Aaron Judge
3098,Adele
3099,Annette Bening
3100,Anna Faris
3101,Bill Daley
3102,Ashley Greene
3103,Billy Bob Thornton
3104,Andrew Lincoln
3105,Alessandra Ambrosio
3106,Alessandra Ambrosio
3107,Bill Daley
3108,Anna Sui
3109,Bernie Mac
3110,Anna Faris
3111,Alec Baldwin
3112,Ben Affleck
3113,Andrew Luck
3114,Amy Adams
3115,Amanda Seyfried
3116,Anthony Perkins
3117,Annette Bening
3118,Andrew Lincoln
3119,Annette Bening
3120,Bill Rancic
3121,Anjelica Huston
3122,Bill Daley
3123,Alice Eve
3124,Ashley Greene
3125,Anthony Perkins
3126,Amy Adams
3127,Barbra Streisand
3128,Alec Baldwin
3129,Andrew Lincoln
3130,Andreea Diaconu
3131,Bill Rancic
3132,Adriana Barraza
3133,Al Pacino
3134,Andrew Lincoln
3135,Andrew Lincoln
3136,Benjamin Bratt
3137,Bill Daley
3138,Annette Bening
3139,Andrew Luck
3140,Bill Daley
3141,Anjelica Huston
3142,Andrew Lincoln
3143,Andrew Lincoln
3144,Aaron Taylor-Johnson
3145,Aaron Taylor-Johnson
3146,Ben Affleck
3147,Andreea Diaconu
3148,Alec Baldwin
3149,Annette Bening
3150,Anjelica Huston
3151,Anjelica Huston
3152,Anjelica Huston
3153,Bernie Mac
3154,Adriana Barraza
3155,Andrew Luck
3156,Anthony Perkins
3157,Bernie Mac
3158,Andrew Lincoln
3159,Akemi Darenogare
3160,Anna Faris
3161,Anjelica Huston
3162,Bill Daley
3163,Aaron Judge
3164,Alexander Skarsgard
3165,Bill Daley
3166,Bernie Mac
3167,Ashley Greene
3168,Antonio Banderas
3169,Billy Bob Thornton
3170,Amanda Seyfried
3171,Ashley Greene
3172,Alice Eve
3173,Berenice Bejo
3174,Anjelica Huston
3175,Andreea Diaconu
3176,Andrew Lincoln
3177,Aaron Judge
3178,Ashley Greene
3179,Al Pacino
3180,Akemi Darenogare
3181,Akemi Darenogare
3182,Alec Baldwin
3183,Ben Affleck
3184,Aaron Taylor-Johnson
3185,Andie MacDowell
3186,Ben Affleck
3187,Berenice Bejo
3188,Barbra Streisand
3189,Aaron Judge
3190,Amy Adams
3191,Billy Bob Thornton
3192,Ashley Graham
3193,Bill Daley
3194,Ben Affleck
3195,Annette Bening
3196,Adriana Barraza
3197,Anthony Perkins
3198,Bill Daley
3199,Ashley Greene
3200,Alec Baldwin
3201,Bill Rancic
3202,Ashley Graham
3203,Ashley Greene
3204,Andrew Lincoln
3205,Billy Bob Thornton
3206,Amy Adams
3207,Annette Bening
3208,Barbra Streisand
3209,Amanda Seyfried
3210,Alec Baldwin
3211,Bill Daley
3212,Andreea Diaconu
3213,Benjamin Bratt
3214,Berenice Bejo
3215,Annette Bening
3216,Alice Eve
3217,Bill Daley
3218,Andrew Luck
3219,Andrew Lincoln
3220,Andrew Lincoln
3221,Alice Eve
3222,Anthony Perkins
3223,Andrew Lincoln
3224,Andrew Lincoln
3225,Andrew Luck
3226,Barbra Streisand
3227,Barbra Streisand
3228,Barbra Streisand
3229,Benicio Del Toro
3230,Barbra Streisand
3231,Alec Baldwin
3232,Bill Rancic
3233,Ben Affleck
3234,Ben Affleck
3235,Bill Daley
3236,Betty White
3237,Annette Bening
3238,Ben Affleck
3239,Bill Daley
3240,Al Pacino
3241,Alice Eve
3242,Anjelica Huston
3243,Andrew Lincoln
3244,Anthony Perkins
3245,Anthony Perkins
3246,Andrew Lincoln
3247,Bill Daley
3248,Annette Bening
3249,Akemi Darenogare
3250,Alice Eve
3251,Andrew Luck
3252,Billy Bob Thornton
3253,Alice Eve
3254,Alec Baldwin
3255,Aaron Judge
3256,Annette Bening
3257,Amy Adams
3258,Anjelica Huston
3259,Alec Baldwin
3260,Andrew Lincoln
3261,Ben Affleck
3262,Alec Baldwin
3263,Bill Daley
3264,Ashley Greene
3265,Bill Rancic
3266,Alicia Vikander
3267,Ben Affleck
3268,Aaron Taylor-Johnson
3269,Andrew Lincoln
3270,Andrew Lincoln
3271,Andrew Lincoln
3272,Bernie Mac
3273,Berenice Bejo
3274,Bill O Reilly
3275,Al Pacino
3276,Bill Rancic
3277,Aaron Taylor-Johnson
3278,Bernie Mac
3279,Bill Rancic
3280,Bernie Mac
3281,Anthony Perkins
3282,Anna Faris
3283,Bill Rancic
3284,Anjelica Huston
3285,Anthony Hopkins
3286,Bill O Reilly
3287,Al Pacino
3288,Ben Affleck
3289,Bill Daley
3290,Alexandra Daddario
3291,Ashley Greene
3292,Akemi Darenogare
3293,Ashley Greene
3294,Annette Bening
3295,Alan Alda
3296,Berenice Bejo
3297,Ashley Graham
3298,Bill Daley
3299,Barbra Streisand
3300,Ben Affleck
3301,Amy Adams
3302,Aaron Taylor-Johnson
3303,Aaron Judge
3304,Adele
3305,Bill Daley
3306,Ashley Graham
3307,Anjelica Huston
3308,Benicio Del Toro
3309,Bill Daley
3310,Anna Faris
3311,Amy Adams
3312,Andreea Diaconu
3313,Anthony Perkins
3314,Betty White
3315,Andrew Lincoln
3316,Anjelica Huston
3317,Alice Eve
3318,Andrew Lincoln
3319,Andrew Luck
3320,Annette Bening
3321,Berenice Bejo
3322,Billy Bob Thornton
3323,Bill Rancic
3324,Anna Faris
3325,Aaron Judge
3326,Antonio Banderas
3327,Alice Eve
3328,Alice Eve
3329,Ben Affleck
3330,Bill O Reilly
3331,Andrew Lincoln
3332,Audrey Hepburn
3333,Bernie Mac
3334,Andie MacDowell
3335,Bill Rancic
3336,Berenice Bejo
3337,Annette Bening
3338,Anthony Hopkins
3339,Alec Baldwin
3340,Andrew Lincoln
3341,Annette Bening
3342,Andrew Luck
3343,Bill Rancic
3344,Ashley Graham
3345,Alice Eve
3346,Aaron Judge
3347,Al Pacino
3348,Anthony Hopkins
3349,Anjelica Huston
3350,Alice Eve
3351,Audrey Hepburn
3352,Barbra Streisand
3353,Aaron Taylor-Johnson
3354,Amanda Seyfried
3355,Bill Daley
3356,Alexandra Daddario
3357,Andrew Luck
3358,Anjelica Huston
3359,Anna Sui
3360,Anna Faris
3361,Andrew Lincoln
3362,Alexandra Daddario
3363,Anthony Hopkins
3364,Alice Eve
3365,Aaron Judge
3366,Bernie Mac
3367,Angelina Jolie
3368,Aaron Judge
3369,Alec Baldwin
3370,Benjamin Bratt
3371,Andrew Lincoln
3372,Bill Daley
3373,Annette Bening
3374,Bernie Mac
3375,Benicio Del Toro
3376,Bill Rancic
3377,Alec Baldwin
3378,Ben Affleck
3379,Anthony Hopkins
3380,Billy Bob Thornton
3381,Anjelica Huston
3382,Aaron Judge
3383,Anjelica Huston
3384,Bill Daley
3385,Annette Bening
3386,Andreea Diaconu
3387,Anthony Hopkins
3388,Adrianne Palicki
3389,Alessandra Ambrosio
3390,Ashley Greene
3391,Ashley Greene
3392,Bill Daley
3393,Barbra Streisand
3394,Aaron Judge
3395,Alexander Skarsgard
3396,Barbra Streisand
3397,Andrew Luck
3398,Andrew Lincoln
3399,Andrew Lincoln
3400,Andrew Lincoln
3401,Alec Baldwin
3402,Alice Eve
3403,Bill Daley
3404,Andrew Lincoln
3405,Andrew Lincoln
3406,Andreea Diaconu
3407,Anjelica Huston
3408,Benicio Del Toro
3409,Benjamin Bratt
3410,Bernie Mac
3411,Bernie Mac
3412,Amy Adams
3413,Anna Faris
3414,Audrey Hepburn
3415,Anna Faris
3416,Bernie Mac
3417,Berenice Bejo
3418,Barbra Streisand
3419,Aaron Taylor-Johnson
3420,Bill Daley
3421,Barbra Streisand
3422,Andrew Luck
3423,Anthony Perkins
3424,Aaron Taylor-Johnson
3425,Andrew Lincoln
3426,Andrew Lincoln
3427,Adele
3428,Andrew Lincoln
3429,Alessandra Ambrosio
3430,Amanda Seyfried
3431,Ashley Greene
3432,Aaron Taylor-Johnson
3433,Berenice Bejo
3434,Andrew Lincoln
3435,Bill Daley
3436,Ben Affleck
3437,Andrew Luck
3438,Annette Bening
3439,Alexis Thorpe
3440,Alexandra Daddario
3441,Annette Bening
3442,Bill Daley
3443,Aaron Judge
3444,Bill Rancic
3445,Andrew Luck
3446,Bernie Mac
3447,Alice Eve
3448,Andrew Lincoln
3449,Andrew Lincoln
3450,Bill Daley
3451,Annette Bening
3452,Andrew Lincoln
3453,Bill Daley
3454,Anjelica Huston
3455,Barbra Streisand
3456,Annette Bening
3457,Benjamin Bratt
3458,Ben Affleck
3459,Bernie Mac
3460,Anjelica Huston
3461,Alexis Thorpe
3462,Ben Affleck
3463,Adrianne Palicki
3464,Bill Daley
3465,Anjelica Huston
3466,Al Pacino
3467,Andy Samberg
3468,Adrianne Palicki
3469,Bill Daley
3470,Benjamin Bratt
3471,Anthony Hopkins
3472,Andie MacDowell
3473,Andrew Lincoln
3474,Bill Rancic
3475,Ashley Graham
3476,Bernie Mac
3477,Barbra Streisand
3478,Bill O Reilly
3479,Andrew Lincoln
3480,Adele
3481,Amanda Seyfried
3482,Alexandra Daddario
3483,Andrew Lincoln
3484,Andrew Lincoln
3485,Annette Bening
3486,Bernie Mac
3487,Alec Baldwin
3488,Anna Faris
3489,Barbra Streisand
3490,Annette Bening
3491,Andreea Diaconu
3492,Alec Baldwin
3493,Bill Daley
3494,Annette Bening
3495,Amy Adams
3496,Andy Samberg
3497,Annette Bening
3498,Alexis Thorpe
3499,Anjelica Huston
3500,Andrew Lincoln
3501,Alexandra Daddario
3502,Andrew Luck
3503,Anthony Perkins
3504,Alice Eve
3505,Bill Daley
3506,Bill Daley
3507,Anjelica Huston
3508,Anthony Perkins
3509,Bill Rancic
3510,Anna Faris
3511,Bill Daley
3512,Annette Bening
3513,Anna Faris
3514,Alec Baldwin
3515,Andrew Luck
3516,Bill Rancic
3517,Anjelica Huston
3518,Adriana Barraza
3519,Bill Daley
3520,Aaron Judge
3521,Annette Bening
3522,Andrew Lincoln
3523,Alexandra Daddario
3524,Anthony Perkins
3525,Betty White
3526,Aaron Judge
3527,Bill Rancic
3528,Benicio Del Toro
3529,Alice Eve
3530,Ashley Greene
3531,Amy Adams
3532,Bill Daley
3533,Andrew Lincoln
3534,Alec Baldwin
3535,Anna Faris
3536,Alec Baldwin
3537,Bill Daley
3538,Andrew Luck
3539,Alec Baldwin
3540,Barbra Streisand
3541,Andy Samberg
3542,Audrey Hepburn
3543,Alec Baldwin
3544,Betty White
3545,Anjelica Huston
3546,Alan Alda
3547,Andy Samberg
3548,Bill Rancic
3549,Betty White
3550,Bill Rancic
3551,Alicia Vikander
3552,Benicio Del Toro
3553,Bill Rancic
3554,Ashley Greene
3555,Bill Rancic
3556,Akemi Darenogare
3557,Anna Faris
3558,Anna Faris
3559,Barbra Streisand
3560,Berenice Bejo
3561,Bill Daley
3562,Billy Bob Thornton
3563,Annette Bening
3564,Bill Rancic
3565,Barbra Streisand
3566,Betty White
3567,Andrew Lincoln
3568,Anna Faris
3569,Annette Bening
3570,Bernie Mac
3571,Berenice Bejo
3572,Anjelica Huston
3573,Andreea Diaconu
3574,Alice Eve
3575,Bill Rancic
3576,Ashley Greene
3577,Andrew Lincoln
3578,Andrew Lincoln
3579,Annette Bening
3580,Annette Bening
3581,Ashley Graham
3582,Al Roker
3583,Bill Daley
3584,Alice Eve
3585,Bill Daley
3586,Bill O Reilly
3587,Ashley Greene
3588,Andrew Lincoln
3589,Bill Rancic
3590,Anthony Perkins
3591,Billy Bob Thornton
3592,Bernie Mac
3593,Aaron Taylor-Johnson
3594,Bernie Mac
3595,Alec Baldwin
3596,Bill Daley
3597,Bill O Reilly
3598,Andrew Lincoln
3599,Andrew Lincoln
3600,Alessandra Ambrosio
3601,Aaron Judge
3602,Andrew Luck
3603,Alec Baldwin
3604,Andrew Luck
3605,Andrew Luck
3606,Adriana Barraza
3607,Anna Faris
3608,Anthony Hopkins
3609,Anjelica Huston
3610,Alan Alda
3611,Annette Bening
3612,Bill Daley
3613,Aaron Taylor-Johnson
3614,Betty White
3615,Anjelica Huston
3616,Annette Bening
3617,Alice Eve
3618,Betty White
3619,Annette Bening
3620,Aaron Taylor-Johnson
3621,Ashley Greene
3622,Amy Adams
3623,Betty White
3624,Aaron Judge
3625,Andrew Lincoln
3626,Bill Rancic
3627,Bill Rancic
3628,Alice Eve
3629,Barbra Streisand
3630,Betty White
3631,Anthony Perkins
3632,Ashley Greene
3633,Adele
3634,Andrew Lincoln
3635,Alec Baldwin
3636,Bernie Mac
3637,Annette Bening
3638,Amy Adams
3639,Bill O Reilly
3640,Alice Eve
3641,Andy Samberg
3642,Billy Bob Thornton
3643,Amy Adams
3644,Ashley Greene
3645,Barbra Streisand
3646,Aaron Taylor-Johnson
3647,Berenice Bejo
3648,Alicia Vikander
3649,Bill Daley
3650,Alec Baldwin
3651,Andy Samberg
3652,Andrew Luck
3653,Adrianne Palicki
3654,Andrew Luck
3655,Alec Baldwin
3656,Anthony Perkins
3657,Alexis Thorpe
3658,Billy Bob Thornton
3659,Anjelica Huston
3660,Bill Rancic
3661,Anthony Perkins
3662,Aaron Taylor-Johnson
3663,Andrew Lincoln
3664,Bill Daley
3665,Antonio Banderas
3666,Annette Bening
3667,Andrew Luck
3668,Bill Daley
3669,Bill Daley
3670,Betty White
3671,Aaron Judge
3672,Annette Bening
3673,Andrew Lincoln
3674,Annette Bening
3675,Billy Bob Thornton
3676,Adele
3677,Billy Bob Thornton
3678,Benicio Del Toro
3679,Andrew Luck
3680,Anna Faris
3681,Bill Daley
3682,Barbra Streisand
3683,Andrew Lincoln
3684,Andrew Lincoln
3685,Andrew Lincoln
3686,Anjelica Huston
3687,Ben Affleck
3688,Andy Samberg
3689,Bill Rancic
3690,Aaron Judge
3691,Alice Eve
3692,Billy Bob Thornton
3693,Andrew Lincoln
3694,Adrianne Palicki
3695,Barabara Palvin
3696,Aaron Judge
3697,Benjamin Bratt
3698,Andrew Lincoln
3699,Amanda Seyfried
3700,Andie MacDowell
3701,Andreea Diaconu
3702,Andrew Lincoln
3703,Aaron Judge
3704,Annette Bening
3705,Bill Daley
3706,Bernie Mac
3707,Betty White
3708,Aaron Judge
3709,Andrew Luck
3710,Anthony Hopkins
3711,Bill Daley
3712,Andrew Lincoln
3713,Annette Bening
3714,Betty White
3715,Benedict Cumberbatch
3716,Adrianne Palicki
3717,Annette Bening
3718,Alessandra Ambrosio
3719,Alec Baldwin
3720,Bill O Reilly
3721,Bernie Mac
3722,Adriana Barraza
3723,Anthony Hopkins
3724,Bill O Reilly
3725,Alec Baldwin
3726,Bill Daley
3727,Ben Affleck
3728,Aaron Judge
3729,Alexander Skarsgard
3730,Anjelica Huston
3731,Andrew Luck
3732,Berenice Bejo
3733,Adrianne Palicki
3734,Billy Bob Thornton
3735,Al Pacino
3736,Betty White
3737,Andreea Diaconu
3738,Berenice Bejo
3739,Anthony Perkins
3740,Anna Faris
3741,Annette Bening
3742,Andy Samberg
3743,Aaron Taylor-Johnson
3744,Bill Daley
3745,Ben Affleck
3746,Anjelica Huston
3747,Andrew Luck
3748,Anna Faris
3749,Ben Affleck
3750,Ben Affleck
3751,Bill Daley
3752,Billy Bob Thornton
3753,Alec Baldwin
3754,Aaron Taylor-Johnson
3755,Alexander Skarsgard
3756,Amanda Seyfried
3757,Andrew Lincoln
3758,Anjelica Huston
3759,Alessandra Ambrosio
3760,Andrew Luck
3761,Adele
3762,Al Pacino
3763,Bill Rancic
3764,Ashley Graham
3765,Amy Adams
3766,Billy Bob Thornton
3767,Ben Affleck
3768,Ashley Greene
3769,Barbra Streisand
3770,Alice Eve
3771,Alec Baldwin
3772,Aaron Taylor-Johnson
3773,Bernie Mac
3774,Ben Affleck
3775,Anthony Hopkins
3776,Anna Faris
3777,Alice Eve
3778,Barbra Streisand
3779,Anna Faris
3780,Anna Faris
3781,Alexandra Daddario
3782,Annette Bening
3783,Bill Daley
3784,Andrew Lincoln
3785,Anjelica Huston
3786,Anna Faris
3787,Andrew Luck
3788,Andrew Lincoln
3789,Andrew Luck
3790,Aaron Judge
3791,Alice Eve
3792,Andrew Luck
3793,Barbra Streisand
3794,Aaron Judge
3795,Billy Bob Thornton
3796,Billy Bob Thornton
3797,Andy Samberg
3798,Bill Daley
3799,Bill Daley
3800,Ashley Greene
3801,Alice Eve
3802,Andrew Lincoln
3803,Anna Faris
3804,Benjamin Bratt
3805,Alec Baldwin
3806,Barbra Streisand
3807,Amy Adams
3808,Ashley Greene
3809,Anjelica Huston
3810,Bill Rancic
3811,Andrew Lincoln
3812,Alec Baldwin
3813,Anthony Hopkins
3814,Adriana Barraza
3815,Anjelica Huston
3816,Bernie Mac
3817,Amanda Seyfried
3818,Alec Baldwin
3819,Annette Bening
3820,Annette Bening
3821,Annette Bening
3822,Anna Faris
3823,Bernie Mac
3824,Aaron Judge
3825,Andy Samberg
3826,Anna Faris
3827,Ashley Graham
3828,Bill Daley
3829,Ashley Graham
3830,Annette Bening
3831,Bernie Mac
3832,Andrew Lincoln
3833,Barbra Streisand
3834,Alexander Skarsgard
3835,Annette Bening
3836,Bill Daley
3837,Annette Bening
3838,Barbra Streisand
3839,Anthony Hopkins
3840,Andie MacDowell
3841,Alice Eve
3842,Annette Bening
3843,Ben Affleck
3844,Alice Eve
3845,Andreea Diaconu
3846,Andrew Lincoln
3847,Andy Samberg
3848,Audrey Hepburn
3849,Alicia Vikander
3850,Alec Baldwin
3851,Amy Adams
3852,Anna Faris
3853,Ashley Greene
3854,Andrew Lincoln
3855,Andrew Lincoln
3856,Anthony Perkins
3857,Bill Daley
3858,Annette Bening
3859,Anna Faris
3860,Alicia Vikander
3861,Alice Eve
3862,Andrew Luck
3863,Andrew Luck
3864,Aaron Taylor-Johnson
3865,Adele
3866,Alec Baldwin
3867,Al Pacino
3868,Anthony Perkins
3869,Annette Bening
3870,Bill Daley
3871,Anjelica Huston
3872,Anthony Hopkins
3873,Ashley Greene
3874,Bill Rancic
3875,Bill Daley
3876,Anna Faris
3877,Bill Daley
3878,Bill Daley
3879,Adrianne Palicki
3880,Alan Alda
3881,Bill Daley
3882,Bill Daley
3883,Bill Daley
3884,Alexander Skarsgard
3885,Anna Faris
3886,Alec Baldwin
3887,Annette Bening
3888,Alexandra Daddario
3889,Aaron Taylor-Johnson
3890,Barbra Streisand
3891,Alec Baldwin
3892,Alessandra Ambrosio
3893,Alexis Thorpe
3894,Anthony Hopkins
3895,Benjamin Bratt
3896,Benicio Del Toro
3897,Bill Daley
3898,Al Pacino
3899,Bill Daley
3900,Amanda Seyfried
3901,Alice Eve
3902,Bill Rancic
3903,Bill Daley
3904,Ashley Greene
3905,Andrew Luck
3906,Bernie Mac
3907,Anna Faris
3908,Billy Bob Thornton
3909,Andrew Luck
3910,Bernie Mac
3911,Alice Eve
3912,Andie MacDowell
3913,Amy Adams
3914,Andy Samberg
3915,Anjelica Huston
3916,Bill Daley
3917,Anna Faris
3918,Billy Bob Thornton
3919,Andrew Luck
3920,Aaron Judge
3921,Andrew Luck
3922,Andrew Lincoln
3923,Bill Daley
3924,Billy Bob Thornton
3925,Alicia Vikander
3926,Al Pacino
3927,Alexander Skarsgard
3928,Anjelica Huston
3929,Andrew Luck
3930,Anjelica Huston
3931,Aaron Judge
3932,Alicia Vikander
3933,Anna Faris
3934,Annette Bening
3935,Barbra Streisand
3936,Bill Daley
3937,Anjelica Huston
3938,Bernie Mac
3939,Alec Baldwin
3940,Aaron Judge
3941,Anna Faris
3942,Aaron Taylor-Johnson
3943,Amy Adams
3944,Bill Rancic
3945,Andrew Luck
3946,Alec Baldwin
3947,Alec Baldwin
3948,Anjelica Huston
3949,Anjelica Huston
3950,Andrew Luck
3951,Ashley Greene
3952,Aaron Judge
3953,Bill Daley
3954,Bill Daley
3955,Alexander Skarsgard
3956,Andy Samberg
3957,Ashley Graham
3958,Ashley Greene
3959,Anna Faris
3960,Audrey Hepburn
3961,Andrew Lincoln
3962,Bill Daley
3963,Annette Bening
3964,Andy Samberg
3965,Bill Daley
3966,Berenice Bejo
3967,Barbra Streisand
3968,Anjelica Huston
3969,Aaron Judge
3970,Berenice Bejo
3971,Anthony Perkins
3972,Alec Baldwin
3973,Bill Daley
3974,Alexander Skarsgard
3975,Andrew Lincoln
3976,Amanda Seyfried
3977,Andrew Lincoln
3978,Adele
3979,Ben Affleck
3980,Bill Daley
3981,Bill Rancic
3982,Anjelica Huston
3983,Annette Bening
3984,Ashley Graham
3985,Bernie Mac
3986,Andrew Lincoln
3987,Alec Baldwin
3988,Andrew Lincoln
3989,Alice Eve
3990,Annette Bening
3991,Alec Baldwin
3992,Bill Daley
3993,Adele
3994,Betty White
3995,Alexis Thorpe
3996,Bill Rancic
3997,Andy Samberg
3998,Anna Faris
3999,Alice Eve
4000,Annette Bening
4001,Bill Daley
4002,Alan Alda
4003,Alice Eve
4004,Bernie Mac
4005,Adele
4006,Barbra Streisand
4007,Bill Daley
4008,Anna Faris
4009,Alexander Skarsgard
4010,Bill Rancic
4011,Al Pacino
4012,Bernie Mac
4013,Andrew Lincoln
4014,Anthony Perkins
4015,Bill Daley
4016,Alice Eve
4017,Andrew Lincoln
4018,Bill Daley
4019,Annette Bening
4020,Andrew Lincoln
4021,Bernie Mac
4022,Andrew Lincoln
4023,Anjelica Huston
4024,Bill Daley
4025,Andrew Lincoln
4026,Anjelica Huston
4027,Anthony Perkins
4028,Anna Faris
4029,Anna Sui
4030,Ben Affleck
4031,Anna Faris
4032,Andrew Lincoln
4033,Andrew Luck
4034,Alec Baldwin
4035,Benedict Cumberbatch
4036,Andrew Lincoln
4037,Alec Baldwin
4038,Barbra Streisand
4039,Bill Daley
4040,Al Pacino
4041,Bill Daley
4042,Bill Daley
4043,Bernie Mac
4044,Anjelica Huston
4045,Barbra Streisand
4046,Andrew Luck
4047,Bill Daley
4048,Alec Baldwin
4049,Andreea Diaconu
4050,Billy Bob Thornton
4051,Andrew Lincoln
4052,Anthony Hopkins
4053,Anjelica Huston
4054,Andrew Lincoln
4055,Alexandra Daddario
4056,Benjamin Bratt
4057,Anthony Perkins
4058,Al Pacino
4059,Annette Bening
4060,Bill Daley
4061,Alexis Thorpe
4062,Andrew Luck
4063,Ashley Greene
4064,Anthony Hopkins
4065,Andy Samberg
4066,Billy Bob Thornton
4067,Bill Daley
4068,Anthony Hopkins
4069,Annette Bening
4070,Bill Rancic
4071,Bill Daley
4072,Andreea Diaconu
4073,Anthony Perkins
4074,Andie MacDowell
4075,Amy Adams
4076,Annette Bening
4077,Anna Faris
4078,Annette Bening
4079,Annette Bening
4080,Bernie Mac
4081,Bernie Mac
4082,Annette Bening
4083,Bill Daley
4084,Amy Adams
4085,Anna Faris
4086,Ashley Greene
4087,Alice Eve
4088,Adrianne Palicki
4089,Bernie Mac
4090,Aaron Judge
4091,Ashley Greene
4092,Aaron Taylor-Johnson
4093,Aaron Judge
4094,Ben Affleck
4095,Bill Daley
4096,Ashley Graham
4097,Andy Samberg
4098,Andrew Lincoln
4099,Andrew Luck
4100,Anna Faris
4101,Annette Bening
4102,Bill Daley
4103,Andrew Lincoln
4104,Bill Daley
4105,Ashley Greene
4106,Benjamin Bratt
4107,Berenice Bejo
4108,Andrew Lincoln
4109,Andrew Lincoln
4110,Andrew Luck
4111,Anjelica Huston
4112,Annette Bening
4113,Andrew Lincoln
4114,Bill Rancic
4115,Andreea Diaconu
4116,Adrianne Palicki
4117,Anjelica Huston
4118,Alice Eve
4119,Antonio Banderas
4120,Adrianne Palicki
4121,Ashley Greene
4122,Bill Daley
4123,Betty White
4124,Anna Sui
4125,Anthony Hopkins
4126,Andreea Diaconu
4127,Alan Alda
4128,Adele
4129,Alessandra Ambrosio
4130,Annette Bening
4131,Andrew Lincoln
4132,Andrew Lincoln
4133,Berenice Bejo
4134,Bill Daley
4135,Andrew Lincoln
4136,Andrew Luck
4137,Alessandra Ambrosio
4138,Alice Eve
4139,Bill Daley
4140,Berenice Bejo
4141,Andrew Lincoln
4142,Andrew Luck
4143,Andrew Luck
4144,Al Pacino
4145,Billy Bob Thornton
4146,Andrew Lincoln
4147,Annette Bening
4148,Ashley Greene
4149,Ashley Greene
4150,Anjelica Huston
4151,Barbra Streisand
4152,Berenice Bejo
4153,Anthony Perkins
4154,Alice Eve
4155,Ben Affleck
4156,Barbra Streisand
4157,Anna Sui
4158,Bill Rancic
4159,Barbra Streisand
4160,Andrew Luck
4161,Aaron Taylor-Johnson
4162,Anna Faris
4163,Anjelica Huston
4164,Bill Rancic
4165,Berenice Bejo
4166,Aaron Taylor-Johnson
4167,Andrew Lincoln
4168,Anjelica Huston
4169,Adele
4170,Amanda Seyfried
4171,Bill Rancic
4172,Anna Faris
4173,Bill O Reilly
4174,Anjelica Huston
4175,Annette Bening
4176,Ashley Greene
4177,Bill Daley
4178,Barbra Streisand
4179,Alexander Skarsgard
4180,Ashley Greene
4181,Andrew Lincoln
4182,Annette Bening
4183,Annette Bening
4184,Barbra Streisand
4185,Bill Daley
4186,Ashley Greene
4187,Ashley Graham
4188,Andrew Luck
4189,Alexandra Daddario
4190,Bernie Mac
4191,Barbra Streisand
4192,Anjelica Huston
4193,Ashley Greene
4194,Anna Faris
4195,Alexandra Daddario
4196,Ashley Greene
4197,Bill Daley
4198,Anna Faris
4199,Annette Bening
4200,Bill Daley
4201,Andrew Lincoln
4202,Amy Adams
4203,Barbra Streisand
4204,Andrew Lincoln
4205,Betty White
4206,Anjelica Huston
4207,Anthony Hopkins
4208,Andrew Lincoln
4209,Andrew Lincoln
4210,Andrew Luck
4211,Bill Daley
4212,Anthony Perkins
4213,Barbra Streisand
4214,Annette Bening
4215,Aaron Taylor-Johnson
4216,Aaron Taylor-Johnson
4217,Amanda Seyfried
4218,Anjelica Huston
4219,Bill Rancic
4220,Alessandra Ambrosio
4221,Bernie Mac
4222,Annette Bening
4223,Bill O Reilly
4224,Billy Bob Thornton
4225,Bernie Mac
4226,Alice Eve
4227,Andrew Lincoln
4228,Alexandra Daddario
4229,Alice Eve
4230,Alice Eve
4231,Ben Affleck
4232,Ben Affleck
4233,Barbra Streisand
4234,Andrew Lincoln
4235,Billy Bob Thornton
4236,Andy Samberg
4237,Aaron Judge
4238,Alicia Vikander
4239,Bill Daley
4240,Andrew Lincoln
4241,Al Pacino
4242,Billy Bob Thornton
4243,Barabara Palvin
4244,Bernie Mac
4245,Amy Adams
4246,Barbra Streisand
4247,Anjelica Huston
4248,Andrew Lincoln
4249,Alicia Vikander
4250,Anthony Hopkins
4251,Antonio Banderas
4252,Andrew Luck
4253,Andy Samberg
4254,Adele
4255,Bernie Mac
4256,Akemi Darenogare
4257,Andrew Luck
4258,Anthony Hopkins
4259,Bill O Reilly
4260,Bernie Mac
4261,Bernie Mac
4262,Benjamin Bratt
4263,Annette Bening
4264,Annette Bening
4265,Bill Daley
4266,Alec Baldwin
4267,Andreea Diaconu
4268,Ashley Graham
4269,Al Pacino
4270,Bill Daley
4271,Aaron Taylor-Johnson
4272,Bill Rancic
4273,Alec Baldwin
4274,Bill Rancic
4275,Aaron Taylor-Johnson
4276,Betty White
4277,Barbra Streisand
4278,Adrianne Palicki
4279,Bernie Mac
4280,Aaron Taylor-Johnson
4281,Bill Rancic
4282,Benjamin Bratt
4283,Alec Baldwin
4284,Barbra Streisand
4285,Bill Daley
4286,Anthony Perkins
4287,Bernie Mac
4288,Amy Adams
4289,Anthony Perkins
4290,Ben Affleck
4291,Anjelica Huston
4292,Aaron Judge
4293,Andrew Luck
4294,Andrew Lincoln
4295,Andrew Lincoln
4296,Annette Bening
4297,Annette Bening
4298,Billy Bob Thornton
4299,Anjelica Huston
4300,Anna Faris
4301,Anthony Perkins
4302,Andy Samberg
4303,Annette Bening
4304,Andrew Lincoln
4305,Annette Bening
4306,Anthony Perkins
4307,Alicia Vikander
4308,Barabara Palvin
4309,Aaron Judge
4310,Ashley Graham
4311,Bill Rancic
4312,Ben Affleck
4313,Annette Bening
4314,Barbra Streisand
4315,Bill Daley
4316,Andy Samberg
4317,Aaron Judge
4318,Aaron Judge
4319,Bill Daley
4320,Alexander Skarsgard
4321,Audrey Hepburn
4322,Andrew Lincoln
4323,Aaron Taylor-Johnson
4324,Annette Bening
4325,Bill Daley
4326,Andrew Lincoln
4327,Amy Adams
4328,Andrew Luck
4329,Alec Baldwin
4330,Bernie Mac
4331,Alec Baldwin
4332,Anjelica Huston
4333,Andrew Lincoln
4334,Barbra Streisand
4335,Anna Faris
4336,Andrew Luck
4337,Andrew Luck
4338,Alec Baldwin
4339,Andrew Luck
4340,Alexis Thorpe
4341,Alec Baldwin
4342,Bill Daley
4343,Bernie Mac
4344,Ashley Graham
4345,Bill Daley
4346,Anna Faris
4347,Amanda Seyfried
4348,Andrew Lincoln
4349,Andrew Luck
4350,Andrew Luck
4351,Betty White
4352,Andrew Luck
4353,Bill Rancic
4354,Audrey Hepburn
4355,Bernie Mac
4356,Anjelica Huston
4357,Annette Bening
4358,Anjelica Huston
4359,Andy Samberg
4360,Anthony Perkins
4361,Alexandra Daddario
4362,Bill Daley
4363,Ashley Graham
4364,Berenice Bejo
4365,Anthony Hopkins
4366,Andrew Lincoln
4367,Anna Faris
4368,Andy Samberg
4369,Bill Daley
4370,Bill Rancic
4371,Barbra Streisand
4372,Andrew Lincoln
4373,Anna Faris
4374,Bill Daley
4375,Bill Rancic
4376,Annette Bening
4377,Bill Rancic
4378,Amy Adams
4379,Berenice Bejo
4380,Andrew Lincoln
4381,Ashley Greene
4382,Andrew Lincoln
4383,Ashley Graham
4384,Annette Bening
4385,Aaron Judge
4386,Andrew Lincoln
4387,Alice Eve
4388,Al Pacino
4389,Anthony Perkins
4390,Bill O Reilly
4391,Bernie Mac
4392,Adrianne Palicki
4393,Alec Baldwin
4394,Amy Adams
4395,Bill Daley
4396,Andrew Lincoln
4397,Andrew Luck
4398,Aaron Judge
4399,Adrianne Palicki
4400,Anjelica Huston
4401,Andrew Luck
4402,Ashley Graham
4403,Adriana Barraza
4404,Betty White
4405,Anthony Hopkins
4406,Ben Affleck
4407,Andrew Luck
4408,Andrew Luck
4409,Andrew Lincoln
4410,Annette Bening
4411,Andrew Lincoln
4412,Andy Samberg
4413,Amy Adams
4414,Barbra Streisand
4415,Adriana Barraza
4416,Anna Faris
4417,Alice Eve
4418,Andie MacDowell
4419,Aaron Judge
4420,Anthony Perkins
4421,Aaron Taylor-Johnson
4422,Anthony Perkins
4423,Ben Kingsley
4424,Aaron Judge
4425,Adriana Barraza
4426,Anna Faris
4427,Andreea Diaconu
4428,Andreea Diaconu
4429,Andy Samberg
4430,Andrew Lincoln
4431,Alec Baldwin
4432,Bill Daley
4433,Alec Baldwin
4434,Alec Baldwin
4435,Bill Rancic
4436,Anjelica Huston
4437,Andrew Luck
4438,Billy Bob Thornton
4439,Anjelica Huston
4440,Berenice Bejo
4441,Alice Eve
4442,Berenice Bejo
4443,Andrew Luck
4444,Akemi Darenogare
4445,Bill Rancic
4446,Bill Daley
4447,Alice Eve
4448,Ben Affleck
4449,Anjelica Huston
4450,Alec Baldwin
4451,Bernie Mac
4452,Bill Daley
4453,Anna Faris
4454,Alexis Thorpe
4455,Andy Samberg
4456,Alice Eve
4457,Alicia Vikander
4458,Bill Rancic
4459,Alice Eve
4460,Anjelica Huston
4461,Anna Faris
4462,Bill Daley
4463,Anthony Perkins
4464,Andy Samberg
4465,Annette Bening
4466,Billy Bob Thornton
4467,Anna Faris
4468,Anthony Perkins
4469,Bill Daley
4470,Amanda Seyfried
4471,Al Pacino
4472,Aaron Taylor-Johnson
4473,Bill Rancic
4474,Bill Rancic
4475,Anna Faris
4476,Andy Samberg
4477,Andrew Lincoln
4478,Aaron Taylor-Johnson
4479,Alexander Skarsgard
4480,Bill Daley
4481,Andrew Lincoln
4482,Andy Samberg
4483,Alec Baldwin
4484,Bill Daley
4485,Berenice Bejo
4486,Al Pacino
4487,Bill Rancic
4488,Andrew Lincoln
4489,Amanda Bynes
4490,Andrew Lincoln
4491,Andrew Luck
4492,Andy Samberg
4493,Ashley Graham
4494,Anjelica Huston
4495,Aaron Taylor-Johnson
4496,Bill Daley
4497,Alice Eve
4498,Adele
4499,Bill Rancic
4500,Annette Bening
4501,Anna Faris
4502,Al Pacino
4503,Bill Daley
4504,Andrew Lincoln
4505,Ashley Graham
4506,Andy Samberg
4507,Andrew Luck
4508,Aaron Judge
4509,Bill Rancic
4510,Alicia Vikander
4511,Andrew Lincoln
4512,Billy Bob Thornton
4513,Aaron Judge
4514,Alice Eve
4515,Ashley Graham
4516,Al Pacino
4517,Bill Daley
4518,Andie MacDowell
4519,Aaron Judge
4520,Barbra Streisand
4521,Aaron Taylor-Johnson
4522,Bill Daley
4523,Alexander Skarsgard
4524,Annette Bening
4525,Anna Faris
4526,Betty White
4527,Anna Sui
4528,Amy Adams
4529,Al Pacino
4530,Al Pacino
4531,Alice Eve
4532,Bernie Mac
4533,Andrew Luck
4534,Aaron Taylor-Johnson
4535,Aaron Taylor-Johnson
4536,Andrew Luck
4537,Ben Affleck
4538,Aaron Taylor-Johnson
4539,Bill Daley
4540,Bill Rancic
4541,Ashley Graham
4542,Anna Faris
4543,Annette Bening
4544,Bernie Mac
4545,Anthony Perkins
4546,Alec Baldwin
4547,Amanda Seyfried
4548,Andy Samberg
4549,Amy Adams
4550,Anjelica Huston
4551,Anna Faris
4552,Alice Eve
4553,Bill Daley
4554,Bernie Mac
4555,Andrew Lincoln
4556,Audrey Hepburn
4557,Bernie Mac
4558,Andrew Lincoln
4559,Anjelica Huston
4560,Ashley Greene
4561,Alexis Thorpe
4562,Anna Faris
4563,Anna Faris
4564,Aaron Judge
4565,Anjelica Huston
4566,Anjelica Huston
4567,Barbra Streisand
4568,Annette Bening
4569,Alec Baldwin
4570,Annette Bening
4571,Adrianne Palicki
4572,Alessandra Ambrosio
4573,Bernie Mac
4574,Andrew Lincoln
4575,Alexander Skarsgard
4576,Akemi Darenogare
4577,Andy Samberg
4578,Anjelica Huston
4579,Ashley Graham
4580,Bernie Mac
4581,Ashley Graham
4582,Barbra Streisand
4583,Berenice Bejo
4584,Alice Eve
4585,Amy Adams
4586,Alexis Thorpe
4587,Alec Baldwin
4588,Bill Rancic
4589,Anjelica Huston
4590,Anjelica Huston
4591,Bernie Mac
4592,Alec Baldwin
4593,Andrew Luck
4594,Amanda Seyfried
4595,Barbra Streisand
4596,Aaron Taylor-Johnson
4597,Andrew Lincoln
4598,Anna Faris
4599,Andrew Lincoln
4600,Andrew Luck
4601,Ben Affleck
4602,Anjelica Huston
4603,Anjelica Huston
4604,Berenice Bejo
4605,Al Pacino
4606,Berenice Bejo
4607,Andrew Lincoln
4608,Anjelica Huston
4609,Annette Bening
4610,Bill O Reilly
4611,Bill O Reilly
4612,Alicia Vikander
4613,Bernie Mac
4614,Benedict Cumberbatch
4615,Alexander Skarsgard
4616,Al Pacino
4617,Alice Eve
4618,Andrew Lincoln
4619,Annette Bening
4620,Anna Sui
4621,Andrew Lincoln
4622,Bill Rancic
4623,Aaron Judge
4624,Anjelica Huston
4625,Ben Affleck
4626,Alec Baldwin
4627,Andreea Diaconu
4628,Andrew Lincoln
4629,Andrew Lincoln
4630,Bill O Reilly
4631,Aaron Judge
4632,Andrew Luck
4633,Andrew Lincoln
4634,Andrew Lincoln
4635,Anna Faris
4636,Andrew Lincoln
4637,Ashley Greene
4638,Alec Baldwin
4639,Anjelica Huston
4640,Aaron Judge
4641,Alec Baldwin
4642,Annette Bening
4643,Aaron Taylor-Johnson
4644,Anna Faris
4645,Anna Faris
4646,Betty White
4647,Andrew Luck
4648,Annette Bening
4649,Ashley Greene
4650,Bill Daley
4651,Ashley Greene
4652,Aaron Taylor-Johnson
4653,Barabara Palvin
4654,Bill Daley
4655,Bill Daley
4656,Bernie Mac
4657,Ashley Greene
4658,Bill O Reilly
4659,Anna Faris
4660,Andrew Lincoln
4661,Andie MacDowell
4662,Aaron Taylor-Johnson
4663,Anna Sui
4664,Anjelica Huston
4665,Andy Samberg
4666,Anthony Hopkins
4667,Anthony Perkins
4668,Bernie Mac
4669,Bill O Reilly
4670,Amy Adams
4671,Alice Eve
4672,Annette Bening
4673,Adrianne Palicki
4674,Amanda Seyfried
4675,Bill Daley
4676,Bill Daley
4677,Aaron Taylor-Johnson
4678,Bernie Mac
4679,Barbra Streisand
4680,Anthony Hopkins
4681,Amanda Seyfried
4682,Amanda Seyfried
4683,Ashley Graham
4684,Andrew Lincoln
4685,Andrew Luck
4686,Andrew Luck
4687,Alice Eve
4688,Alec Baldwin
4689,Anna Faris
4690,Amy Adams
4691,Aaron Taylor-Johnson
4692,Aaron Judge
4693,Bill Daley
4694,Andrew Lincoln
4695,Berenice Bejo
4696,Alec Baldwin
4697,Andrew Lincoln
4698,Ben Affleck
4699,Ben Affleck
4700,Bill Daley
4701,Andrew Lincoln
4702,Ashley Greene
4703,Bernie Mac
4704,Anjelica Huston
4705,Anjelica Huston
4706,Bill Daley
4707,Al Pacino
4708,Billy Bob Thornton
4709,Aaron Judge
4710,Amy Adams
4711,Barbra Streisand
4712,Aaron Judge
4713,Andrew Luck
4714,Bill Rancic
4715,Adrianne Palicki
4716,Betty White
4717,Andie MacDowell
4718,Andrew Lincoln
4719,Anna Faris
4720,Betty White
4721,Anjelica Huston
4722,Bill Rancic
4723,Anthony Hopkins
4724,Berenice Bejo
4725,Annette Bening
4726,Andrew Lincoln
4727,Bill O Reilly
4728,Anthony Hopkins
4729,Aaron Judge
4730,Benedict Cumberbatch
4731,Berenice Bejo
4732,Bill Rancic
4733,Andy Samberg
4734,Andrew Lincoln
4735,Anjelica Huston
4736,Ben Affleck
4737,Berenice Bejo
4738,Alice Eve
4739,Annette Bening
4740,Anjelica Huston
4741,Andrew Luck
4742,Andrew Luck
4743,Annette Bening
4744,Amy Adams
4745,Alessandra Ambrosio
4746,Bernie Mac
4747,Barbra Streisand
4748,Andrew Lincoln
4749,Andrew Lincoln
4750,Annette Bening
4751,Al Roker
4752,Alec Baldwin
4753,Barbra Streisand
4754,Ben Affleck
4755,Bill Rancic
4756,Bill Daley
4757,Aaron Judge
4758,Annette Bening
4759,Amy Adams
4760,Andy Samberg
4761,Anjelica Huston
4762,Bernie Mac
4763,Andreea Diaconu
4764,Anna Faris
4765,Adele
4766,Billy Bob Thornton
4767,Bill Rancic
4768,Annette Bening
4769,Bernie Mac
4770,Barbra Streisand
4771,Ben Affleck
4772,Andy Samberg
4773,Alice Eve
4774,Adrianne Palicki
4775,Bill Rancic
4776,Andrew Lincoln
4777,Al Pacino
4778,Aaron Judge
4779,Annette Bening
4780,Amy Adams
4781,Anjelica Huston
4782,Anna Faris
4783,Barbra Streisand
4784,Anthony Hopkins
4785,Alice Eve
4786,Alicia Vikander
4787,Bill Rancic
4788,Al Pacino
4789,Adele
4790,Alexander Skarsgard
4791,Ashley Graham
4792,Alicia Vikander
4793,Al Pacino
4794,Annette Bening
4795,Andy Samberg
4796,Anthony Perkins
4797,Andrew Luck
4798,Ashley Greene
4799,Alec Baldwin
4800,Andie MacDowell
4801,Annette Bening
4802,Anna Faris
4803,Anjelica Huston
4804,Barbra Streisand
4805,Alessandra Ambrosio
4806,Ashley Greene
4807,Bernie Mac
4808,Berenice Bejo
4809,Anjelica Huston
4810,Andrew Luck
4811,Anna Faris
4812,Alec Baldwin
4813,Adele
4814,Anjelica Huston
4815,Bill Rancic
4816,Ashley Graham
4817,Alicia Vikander
4818,Andy Samberg
4819,Aaron Judge
4820,Alexander Skarsgard
4821,Andy Samberg
4822,Alice Eve
4823,Andrew Luck
4824,Andrew Lincoln
4825,Annette Bening
4826,Adriana Barraza
4827,Aaron Taylor-Johnson
4828,Andrew Lincoln
4829,Bill Daley
4830,Alec Baldwin
4831,Al Pacino
4832,Alexandra Daddario
4833,Amy Adams
4834,Bill Rancic
4835,Anjelica Huston
4836,Bill Rancic
4837,Barbra Streisand
4838,Ben Affleck
4839,Andy Samberg
4840,Ben Affleck
4841,Adele
4842,Anthony Perkins
4843,Bill Daley
4844,Alice Eve
4845,Andrew Lincoln
4846,Adrianne Palicki
4847,Aaron Judge
4848,Aaron Judge
4849,Bill Daley
4850,Bill Daley
4851,Bill Daley
4852,Andrew Lincoln
4853,Alec Baldwin
4854,Anna Faris
4855,Betty White
4856,Alexandra Daddario
4857,Andrew Luck
4858,Annette Bening
4859,Bill Rancic
4860,Alexander Skarsgard
4861,Alec Baldwin
4862,Andrew Lincoln
4863,Barbra Streisand
4864,Barbra Streisand
4865,Bill Daley
4866,Anna Faris
4867,Bill Rancic
4868,Andrew Luck
4869,Annette Bening
4870,Alicia Vikander
4871,Bill Daley
4872,Adriana Barraza
4873,Alicia Vikander
4874,Bill Rancic
4875,Alicia Vikander
4876,Bill Daley
4877,Amy Adams
4878,Andrew Lincoln
4879,Bernie Mac
4880,Amy Adams
4881,Anthony Perkins
4882,Andrew Lincoln
4883,Andrew Lincoln
4884,Amy Adams
4885,Andrew Lincoln
4886,Ashley Greene
4887,Ashley Greene
4888,Aaron Judge
4889,Alessandra Ambrosio
4890,Andrew Lincoln
4891,Andrew Lincoln
4892,Anthony Hopkins
4893,Annette Bening
4894,Anna Faris
4895,Bernie Mac
4896,Adele
4897,Bernie Mac
4898,Adriana Barraza
4899,Bill Daley
4900,Billy Bob Thornton
4901,Bernie Mac
4902,Barbra Streisand
4903,Bill Daley
4904,Bill O Reilly
4905,Andrew Lincoln
4906,Adrianne Palicki
4907,Al Pacino
4908,Bernie Mac
4909,Andrew Luck
4910,Audrey Hepburn
4911,Andrew Luck
4912,Alec Baldwin
4913,Ashley Greene
4914,Ben Affleck
4915,Ben Affleck
4916,Alice Eve
4917,Berenice Bejo
4918,Bill Daley
4919,Aaron Taylor-Johnson
4920,Betty White
4921,Annette Bening
4922,Anjelica Huston
4923,Andrew Luck
4924,Bill O Reilly
4925,Anjelica Huston
4926,Alessandra Ambrosio
4927,Audrey Hepburn
4928,Bill O Reilly
4929,Barbra Streisand
4930,Andy Samberg
4931,Ashley Greene
4932,Andrew Lincoln
4933,Ashley Graham
4934,Andrew Lincoln
4935,Bill Daley
4936,Bill O Reilly
4937,Bernie Mac
4938,Anjelica Huston
4939,Bill Daley
4940,Annette Bening
4941,Andy Samberg
4942,Andreea Diaconu
4943,Ashley Graham
4944,Al Pacino
4945,Annette Bening
4946,Bernie Mac
4947,Alec Baldwin
4948,Ben Affleck
4949,Barbra Streisand
4950,Alice Eve
4951,Bill Daley
4952,Barbra Streisand
4953,Alec Baldwin
4954,Anjelica Huston
4955,Alec Baldwin
4956,Andrew Lincoln
4957,Alexander Skarsgard
4958,Antonio Banderas
4959,Anna Faris
4960,Anjelica Huston
4961,Alec Baldwin
4962,Aaron Judge
4963,Bernie Mac
4964,Betty White
4965,Andy Samberg
4966,Andrew Lincoln
4967,Bill Daley
4968,Annette Bening
4969,Bill Daley
4970,Anna Faris
4971,Andrew Luck
4972,Barabara Palvin
4973,Alice Eve
4974,Al Pacino
4975,Adriana Barraza
4976,Anna Faris
